INSERT INTO "translation"."language" (iso_code, iso_name) VALUES('pl', 'polish');
INSERT INTO "translation"."language" (iso_code, iso_name) VALUES('en', 'english');
INSERT INTO "translation"."language" (iso_code, iso_name) VALUES('de', 'german');
INSERT INTO "translation"."language" (iso_code, iso_name) VALUES('es', 'spanish');
INSERT INTO "translation"."language" (iso_code, iso_name) VALUES('it', 'italian');
INSERT INTO "translation".text_content (original_text, language_id) VALUES('mineral water', (SELECT l.id FROM "translation"."language" l WHERE l.iso_code LIKE 'en'));
INSERT INTO item.item ("name", text_content_id) VALUES('mineral water', (SELECT tc.id FROM "translation".text_content tc WHERE tc.original_text like 'mineral water'));
INSERT INTO "translation"."translation" ("translation", text_content_id, language_id) VALUES('woda mineralna', (SELECT tc.id FROM "translation".text_content tc WHERE tc.original_text like 'mineral water'), (SELECT l.id FROM "translation"."language" l WHERE l.iso_code LIKE 'pl'));
INSERT INTO "translation"."translation" ("translation", text_content_id, language_id) VALUES('mineralwasser', (SELECT tc.id FROM "translation".text_content tc WHERE tc.original_text like 'mineral water'), (SELECT l.id FROM "translation"."language" l WHERE l.iso_code LIKE 'de'));
INSERT INTO "translation"."translation" ("translation", text_content_id, language_id) VALUES('agua mineral', (SELECT tc.id FROM "translation".text_content tc WHERE tc.original_text like 'mineral water'), (SELECT l.id FROM "translation"."language" l WHERE l.iso_code LIKE 'es'));
INSERT INTO "translation"."translation" ("translation", text_content_id, language_id) VALUES('acqua minerale', (SELECT tc.id FROM "translation".text_content tc WHERE tc.original_text like 'mineral water'), (SELECT l.id FROM "translation"."language" l WHERE l.iso_code LIKE 'it'));
INSERT INTO "translation".text_content (original_text, language_id) VALUES('chocolate', (SELECT l.id FROM "translation"."language" l WHERE l.iso_code LIKE 'en'));
INSERT INTO item.item ("name", text_content_id) VALUES('chocolate', (SELECT tc.id FROM "translation".text_content tc WHERE tc.original_text like 'chocolate'));
INSERT INTO "translation"."translation" ("translation", text_content_id, language_id) VALUES('czekolada', (SELECT tc.id FROM "translation".text_content tc WHERE tc.original_text like 'chocolate'), (SELECT l.id FROM "translation"."language" l WHERE l.iso_code LIKE 'pl'));
INSERT INTO "translation"."translation" ("translation", text_content_id, language_id) VALUES('schokolade', (SELECT tc.id FROM "translation".text_content tc WHERE tc.original_text like 'chocolate'), (SELECT l.id FROM "translation"."language" l WHERE l.iso_code LIKE 'de'));
INSERT INTO "translation"."translation" ("translation", text_content_id, language_id) VALUES('chocolate', (SELECT tc.id FROM "translation".text_content tc WHERE tc.original_text like 'chocolate'), (SELECT l.id FROM "translation"."language" l WHERE l.iso_code LIKE 'es'));
INSERT INTO "translation"."translation" ("translation", text_content_id, language_id) VALUES('cioccolato', (SELECT tc.id FROM "translation".text_content tc WHERE tc.original_text like 'chocolate'), (SELECT l.id FROM "translation"."language" l WHERE l.iso_code LIKE 'it'));
INSERT INTO "translation".text_content (original_text, language_id) VALUES('potatoes', (SELECT l.id FROM "translation"."language" l WHERE l.iso_code LIKE 'en'));
INSERT INTO item.item ("name", text_content_id) VALUES('potatoes', (SELECT tc.id FROM "translation".text_content tc WHERE tc.original_text like 'potatoes'));
INSERT INTO "translation"."translation" ("translation", text_content_id, language_id) VALUES('ziemniaki', (SELECT tc.id FROM "translation".text_content tc WHERE tc.original_text like 'potatoes'), (SELECT l.id FROM "translation"."language" l WHERE l.iso_code LIKE 'pl'));
INSERT INTO "translation"."translation" ("translation", text_content_id, language_id) VALUES('kartoffeln', (SELECT tc.id FROM "translation".text_content tc WHERE tc.original_text like 'potatoes'), (SELECT l.id FROM "translation"."language" l WHERE l.iso_code LIKE 'de'));
INSERT INTO "translation"."translation" ("translation", text_content_id, language_id) VALUES('patatas', (SELECT tc.id FROM "translation".text_content tc WHERE tc.original_text like 'potatoes'), (SELECT l.id FROM "translation"."language" l WHERE l.iso_code LIKE 'es'));
INSERT INTO "translation"."translation" ("translation", text_content_id, language_id) VALUES('patate', (SELECT tc.id FROM "translation".text_content tc WHERE tc.original_text like 'potatoes'), (SELECT l.id FROM "translation"."language" l WHERE l.iso_code LIKE 'it'));
INSERT INTO "translation".text_content (original_text, language_id) VALUES('carrots', (SELECT l.id FROM "translation"."language" l WHERE l.iso_code LIKE 'en'));
INSERT INTO item.item ("name", text_content_id) VALUES('carrots', (SELECT tc.id FROM "translation".text_content tc WHERE tc.original_text like 'carrots'));
INSERT INTO "translation"."translation" ("translation", text_content_id, language_id) VALUES('marchew', (SELECT tc.id FROM "translation".text_content tc WHERE tc.original_text like 'carrots'), (SELECT l.id FROM "translation"."language" l WHERE l.iso_code LIKE 'pl'));
INSERT INTO "translation"."translation" ("translation", text_content_id, language_id) VALUES('karotten', (SELECT tc.id FROM "translation".text_content tc WHERE tc.original_text like 'carrots'), (SELECT l.id FROM "translation"."language" l WHERE l.iso_code LIKE 'de'));
INSERT INTO "translation"."translation" ("translation", text_content_id, language_id) VALUES('zanahorias', (SELECT tc.id FROM "translation".text_content tc WHERE tc.original_text like 'carrots'), (SELECT l.id FROM "translation"."language" l WHERE l.iso_code LIKE 'es'));
INSERT INTO "translation"."translation" ("translation", text_content_id, language_id) VALUES('carote', (SELECT tc.id FROM "translation".text_content tc WHERE tc.original_text like 'carrots'), (SELECT l.id FROM "translation"."language" l WHERE l.iso_code LIKE 'it'));
INSERT INTO "translation".text_content (original_text, language_id) VALUES('pasta', (SELECT l.id FROM "translation"."language" l WHERE l.iso_code LIKE 'en'));
INSERT INTO item.item ("name", text_content_id) VALUES('pasta', (SELECT tc.id FROM "translation".text_content tc WHERE tc.original_text like 'pasta'));
INSERT INTO "translation"."translation" ("translation", text_content_id, language_id) VALUES('makaron', (SELECT tc.id FROM "translation".text_content tc WHERE tc.original_text like 'pasta'), (SELECT l.id FROM "translation"."language" l WHERE l.iso_code LIKE 'pl'));
INSERT INTO "translation"."translation" ("translation", text_content_id, language_id) VALUES('nudeln', (SELECT tc.id FROM "translation".text_content tc WHERE tc.original_text like 'pasta'), (SELECT l.id FROM "translation"."language" l WHERE l.iso_code LIKE 'de'));
INSERT INTO "translation"."translation" ("translation", text_content_id, language_id) VALUES('pasta', (SELECT tc.id FROM "translation".text_content tc WHERE tc.original_text like 'pasta'), (SELECT l.id FROM "translation"."language" l WHERE l.iso_code LIKE 'es'));
INSERT INTO "translation"."translation" ("translation", text_content_id, language_id) VALUES('pasta', (SELECT tc.id FROM "translation".text_content tc WHERE tc.original_text like 'pasta'), (SELECT l.id FROM "translation"."language" l WHERE l.iso_code LIKE 'it'));
INSERT INTO "translation".text_content (original_text, language_id) VALUES('cottage cheese', (SELECT l.id FROM "translation"."language" l WHERE l.iso_code LIKE 'en'));
INSERT INTO item.item ("name", text_content_id) VALUES('cottage cheese', (SELECT tc.id FROM "translation".text_content tc WHERE tc.original_text like 'cottage cheese'));
INSERT INTO "translation"."translation" ("translation", text_content_id, language_id) VALUES('twaróg', (SELECT tc.id FROM "translation".text_content tc WHERE tc.original_text like 'cottage cheese'), (SELECT l.id FROM "translation"."language" l WHERE l.iso_code LIKE 'pl'));
INSERT INTO "translation"."translation" ("translation", text_content_id, language_id) VALUES('hüttenkäse', (SELECT tc.id FROM "translation".text_content tc WHERE tc.original_text like 'cottage cheese'), (SELECT l.id FROM "translation"."language" l WHERE l.iso_code LIKE 'de'));
INSERT INTO "translation"."translation" ("translation", text_content_id, language_id) VALUES('requesón', (SELECT tc.id FROM "translation".text_content tc WHERE tc.original_text like 'cottage cheese'), (SELECT l.id FROM "translation"."language" l WHERE l.iso_code LIKE 'es'));
INSERT INTO "translation"."translation" ("translation", text_content_id, language_id) VALUES('ricotta', (SELECT tc.id FROM "translation".text_content tc WHERE tc.original_text like 'cottage cheese'), (SELECT l.id FROM "translation"."language" l WHERE l.iso_code LIKE 'it'));
INSERT INTO "translation".text_content (original_text, language_id) VALUES('bacon', (SELECT l.id FROM "translation"."language" l WHERE l.iso_code LIKE 'en'));
INSERT INTO item.item ("name", text_content_id) VALUES('bacon', (SELECT tc.id FROM "translation".text_content tc WHERE tc.original_text like 'bacon'));
INSERT INTO "translation"."translation" ("translation", text_content_id, language_id) VALUES('boczek', (SELECT tc.id FROM "translation".text_content tc WHERE tc.original_text like 'bacon'), (SELECT l.id FROM "translation"."language" l WHERE l.iso_code LIKE 'pl'));
INSERT INTO "translation"."translation" ("translation", text_content_id, language_id) VALUES('speck', (SELECT tc.id FROM "translation".text_content tc WHERE tc.original_text like 'bacon'), (SELECT l.id FROM "translation"."language" l WHERE l.iso_code LIKE 'de'));
INSERT INTO "translation"."translation" ("translation", text_content_id, language_id) VALUES('tocino', (SELECT tc.id FROM "translation".text_content tc WHERE tc.original_text like 'bacon'), (SELECT l.id FROM "translation"."language" l WHERE l.iso_code LIKE 'es'));
INSERT INTO "translation"."translation" ("translation", text_content_id, language_id) VALUES('pancetta', (SELECT tc.id FROM "translation".text_content tc WHERE tc.original_text like 'bacon'), (SELECT l.id FROM "translation"."language" l WHERE l.iso_code LIKE 'it'));
INSERT INTO "translation".text_content (original_text, language_id) VALUES('beef', (SELECT l.id FROM "translation"."language" l WHERE l.iso_code LIKE 'en'));
INSERT INTO item.item ("name", text_content_id) VALUES('beef', (SELECT tc.id FROM "translation".text_content tc WHERE tc.original_text like 'beef'));
INSERT INTO "translation"."translation" ("translation", text_content_id, language_id) VALUES('wołowina', (SELECT tc.id FROM "translation".text_content tc WHERE tc.original_text like 'beef'), (SELECT l.id FROM "translation"."language" l WHERE l.iso_code LIKE 'pl'));
INSERT INTO "translation"."translation" ("translation", text_content_id, language_id) VALUES('rindfleisch', (SELECT tc.id FROM "translation".text_content tc WHERE tc.original_text like 'beef'), (SELECT l.id FROM "translation"."language" l WHERE l.iso_code LIKE 'de'));
INSERT INTO "translation"."translation" ("translation", text_content_id, language_id) VALUES('carne de res', (SELECT tc.id FROM "translation".text_content tc WHERE tc.original_text like 'beef'), (SELECT l.id FROM "translation"."language" l WHERE l.iso_code LIKE 'es'));
INSERT INTO "translation"."translation" ("translation", text_content_id, language_id) VALUES('manzo', (SELECT tc.id FROM "translation".text_content tc WHERE tc.original_text like 'beef'), (SELECT l.id FROM "translation"."language" l WHERE l.iso_code LIKE 'it'));
INSERT INTO "translation".text_content (original_text, language_id) VALUES('pork', (SELECT l.id FROM "translation"."language" l WHERE l.iso_code LIKE 'en'));
INSERT INTO item.item ("name", text_content_id) VALUES('pork', (SELECT tc.id FROM "translation".text_content tc WHERE tc.original_text like 'pork'));
INSERT INTO "translation"."translation" ("translation", text_content_id, language_id) VALUES('wieprzowina', (SELECT tc.id FROM "translation".text_content tc WHERE tc.original_text like 'pork'), (SELECT l.id FROM "translation"."language" l WHERE l.iso_code LIKE 'pl'));
INSERT INTO "translation"."translation" ("translation", text_content_id, language_id) VALUES('schweinefleisch', (SELECT tc.id FROM "translation".text_content tc WHERE tc.original_text like 'pork'), (SELECT l.id FROM "translation"."language" l WHERE l.iso_code LIKE 'de'));
INSERT INTO "translation"."translation" ("translation", text_content_id, language_id) VALUES('carne de cerdo', (SELECT tc.id FROM "translation".text_content tc WHERE tc.original_text like 'pork'), (SELECT l.id FROM "translation"."language" l WHERE l.iso_code LIKE 'es'));
INSERT INTO "translation"."translation" ("translation", text_content_id, language_id) VALUES('maiale', (SELECT tc.id FROM "translation".text_content tc WHERE tc.original_text like 'pork'), (SELECT l.id FROM "translation"."language" l WHERE l.iso_code LIKE 'it'));
INSERT INTO "translation".text_content (original_text, language_id) VALUES('chicken', (SELECT l.id FROM "translation"."language" l WHERE l.iso_code LIKE 'en'));
INSERT INTO item.item ("name", text_content_id) VALUES('chicken', (SELECT tc.id FROM "translation".text_content tc WHERE tc.original_text like 'chicken'));
INSERT INTO "translation"."translation" ("translation", text_content_id, language_id) VALUES('kurczak', (SELECT tc.id FROM "translation".text_content tc WHERE tc.original_text like 'chicken'), (SELECT l.id FROM "translation"."language" l WHERE l.iso_code LIKE 'pl'));
INSERT INTO "translation"."translation" ("translation", text_content_id, language_id) VALUES('huhn', (SELECT tc.id FROM "translation".text_content tc WHERE tc.original_text like 'chicken'), (SELECT l.id FROM "translation"."language" l WHERE l.iso_code LIKE 'de'));
INSERT INTO "translation"."translation" ("translation", text_content_id, language_id) VALUES('pollo', (SELECT tc.id FROM "translation".text_content tc WHERE tc.original_text like 'chicken'), (SELECT l.id FROM "translation"."language" l WHERE l.iso_code LIKE 'es'));
INSERT INTO "translation"."translation" ("translation", text_content_id, language_id) VALUES('pollo', (SELECT tc.id FROM "translation".text_content tc WHERE tc.original_text like 'chicken'), (SELECT l.id FROM "translation"."language" l WHERE l.iso_code LIKE 'it'));
INSERT INTO "translation".text_content (original_text, language_id) VALUES('turkey', (SELECT l.id FROM "translation"."language" l WHERE l.iso_code LIKE 'en'));
INSERT INTO item.item ("name", text_content_id) VALUES('turkey', (SELECT tc.id FROM "translation".text_content tc WHERE tc.original_text like 'turkey'));
INSERT INTO "translation"."translation" ("translation", text_content_id, language_id) VALUES('indyk', (SELECT tc.id FROM "translation".text_content tc WHERE tc.original_text like 'turkey'), (SELECT l.id FROM "translation"."language" l WHERE l.iso_code LIKE 'pl'));
INSERT INTO "translation"."translation" ("translation", text_content_id, language_id) VALUES('truthahn', (SELECT tc.id FROM "translation".text_content tc WHERE tc.original_text like 'turkey'), (SELECT l.id FROM "translation"."language" l WHERE l.iso_code LIKE 'de'));
INSERT INTO "translation"."translation" ("translation", text_content_id, language_id) VALUES('pavo', (SELECT tc.id FROM "translation".text_content tc WHERE tc.original_text like 'turkey'), (SELECT l.id FROM "translation"."language" l WHERE l.iso_code LIKE 'es'));
INSERT INTO "translation"."translation" ("translation", text_content_id, language_id) VALUES('tacchino', (SELECT tc.id FROM "translation".text_content tc WHERE tc.original_text like 'turkey'), (SELECT l.id FROM "translation"."language" l WHERE l.iso_code LIKE 'it'));
INSERT INTO "translation".text_content (original_text, language_id) VALUES('tuna', (SELECT l.id FROM "translation"."language" l WHERE l.iso_code LIKE 'en'));
INSERT INTO item.item ("name", text_content_id) VALUES('tuna', (SELECT tc.id FROM "translation".text_content tc WHERE tc.original_text like 'tuna'));
INSERT INTO "translation"."translation" ("translation", text_content_id, language_id) VALUES('tuńczyk', (SELECT tc.id FROM "translation".text_content tc WHERE tc.original_text like 'tuna'), (SELECT l.id FROM "translation"."language" l WHERE l.iso_code LIKE 'pl'));
INSERT INTO "translation"."translation" ("translation", text_content_id, language_id) VALUES('thunfisch', (SELECT tc.id FROM "translation".text_content tc WHERE tc.original_text like 'tuna'), (SELECT l.id FROM "translation"."language" l WHERE l.iso_code LIKE 'de'));
INSERT INTO "translation"."translation" ("translation", text_content_id, language_id) VALUES('atún', (SELECT tc.id FROM "translation".text_content tc WHERE tc.original_text like 'tuna'), (SELECT l.id FROM "translation"."language" l WHERE l.iso_code LIKE 'es'));
INSERT INTO "translation"."translation" ("translation", text_content_id, language_id) VALUES('tonno', (SELECT tc.id FROM "translation".text_content tc WHERE tc.original_text like 'tuna'), (SELECT l.id FROM "translation"."language" l WHERE l.iso_code LIKE 'it'));
INSERT INTO "translation".text_content (original_text, language_id) VALUES('salmon', (SELECT l.id FROM "translation"."language" l WHERE l.iso_code LIKE 'en'));
INSERT INTO item.item ("name", text_content_id) VALUES('salmon', (SELECT tc.id FROM "translation".text_content tc WHERE tc.original_text like 'salmon'));
INSERT INTO "translation"."translation" ("translation", text_content_id, language_id) VALUES('łosoś', (SELECT tc.id FROM "translation".text_content tc WHERE tc.original_text like 'salmon'), (SELECT l.id FROM "translation"."language" l WHERE l.iso_code LIKE 'pl'));
INSERT INTO "translation"."translation" ("translation", text_content_id, language_id) VALUES('lachs', (SELECT tc.id FROM "translation".text_content tc WHERE tc.original_text like 'salmon'), (SELECT l.id FROM "translation"."language" l WHERE l.iso_code LIKE 'de'));
INSERT INTO "translation"."translation" ("translation", text_content_id, language_id) VALUES('salmón', (SELECT tc.id FROM "translation".text_content tc WHERE tc.original_text like 'salmon'), (SELECT l.id FROM "translation"."language" l WHERE l.iso_code LIKE 'es'));
INSERT INTO "translation"."translation" ("translation", text_content_id, language_id) VALUES('salmone', (SELECT tc.id FROM "translation".text_content tc WHERE tc.original_text like 'salmon'), (SELECT l.id FROM "translation"."language" l WHERE l.iso_code LIKE 'it'));
INSERT INTO "translation".text_content (original_text, language_id) VALUES('sardines', (SELECT l.id FROM "translation"."language" l WHERE l.iso_code LIKE 'en'));
INSERT INTO item.item ("name", text_content_id) VALUES('sardines', (SELECT tc.id FROM "translation".text_content tc WHERE tc.original_text like 'sardines'));
INSERT INTO "translation"."translation" ("translation", text_content_id, language_id) VALUES('sardynki', (SELECT tc.id FROM "translation".text_content tc WHERE tc.original_text like 'sardines'), (SELECT l.id FROM "translation"."language" l WHERE l.iso_code LIKE 'pl'));
INSERT INTO "translation"."translation" ("translation", text_content_id, language_id) VALUES('sardinen', (SELECT tc.id FROM "translation".text_content tc WHERE tc.original_text like 'sardines'), (SELECT l.id FROM "translation"."language" l WHERE l.iso_code LIKE 'de'));
INSERT INTO "translation"."translation" ("translation", text_content_id, language_id) VALUES('sardinas', (SELECT tc.id FROM "translation".text_content tc WHERE tc.original_text like 'sardines'), (SELECT l.id FROM "translation"."language" l WHERE l.iso_code LIKE 'es'));
INSERT INTO "translation"."translation" ("translation", text_content_id, language_id) VALUES('sardine', (SELECT tc.id FROM "translation".text_content tc WHERE tc.original_text like 'sardines'), (SELECT l.id FROM "translation"."language" l WHERE l.iso_code LIKE 'it'));
INSERT INTO "translation".text_content (original_text, language_id) VALUES('olive oil', (SELECT l.id FROM "translation"."language" l WHERE l.iso_code LIKE 'en'));
INSERT INTO item.item ("name", text_content_id) VALUES('olive oil', (SELECT tc.id FROM "translation".text_content tc WHERE tc.original_text like 'olive oil'));
INSERT INTO "translation"."translation" ("translation", text_content_id, language_id) VALUES('oliwa z oliwek', (SELECT tc.id FROM "translation".text_content tc WHERE tc.original_text like 'olive oil'), (SELECT l.id FROM "translation"."language" l WHERE l.iso_code LIKE 'pl'));
INSERT INTO "translation"."translation" ("translation", text_content_id, language_id) VALUES('olivenöl', (SELECT tc.id FROM "translation".text_content tc WHERE tc.original_text like 'olive oil'), (SELECT l.id FROM "translation"."language" l WHERE l.iso_code LIKE 'de'));
INSERT INTO "translation"."translation" ("translation", text_content_id, language_id) VALUES('aceite de oliva', (SELECT tc.id FROM "translation".text_content tc WHERE tc.original_text like 'olive oil'), (SELECT l.id FROM "translation"."language" l WHERE l.iso_code LIKE 'es'));
INSERT INTO "translation"."translation" ("translation", text_content_id, language_id) VALUES('olio d''oliva', (SELECT tc.id FROM "translation".text_content tc WHERE tc.original_text like 'olive oil'), (SELECT l.id FROM "translation"."language" l WHERE l.iso_code LIKE 'it'));
INSERT INTO "translation".text_content (original_text, language_id) VALUES('cauliflower', (SELECT l.id FROM "translation"."language" l WHERE l.iso_code LIKE 'en'));
INSERT INTO item.item ("name", text_content_id) VALUES('cauliflower', (SELECT tc.id FROM "translation".text_content tc WHERE tc.original_text like 'cauliflower'));
INSERT INTO "translation"."translation" ("translation", text_content_id, language_id) VALUES('kalafior', (SELECT tc.id FROM "translation".text_content tc WHERE tc.original_text like 'cauliflower'), (SELECT l.id FROM "translation"."language" l WHERE l.iso_code LIKE 'pl'));
INSERT INTO "translation"."translation" ("translation", text_content_id, language_id) VALUES('blumenkohl', (SELECT tc.id FROM "translation".text_content tc WHERE tc.original_text like 'cauliflower'), (SELECT l.id FROM "translation"."language" l WHERE l.iso_code LIKE 'de'));
INSERT INTO "translation"."translation" ("translation", text_content_id, language_id) VALUES('coliflor', (SELECT tc.id FROM "translation".text_content tc WHERE tc.original_text like 'cauliflower'), (SELECT l.id FROM "translation"."language" l WHERE l.iso_code LIKE 'es'));
INSERT INTO "translation"."translation" ("translation", text_content_id, language_id) VALUES('cavolfiore', (SELECT tc.id FROM "translation".text_content tc WHERE tc.original_text like 'cauliflower'), (SELECT l.id FROM "translation"."language" l WHERE l.iso_code LIKE 'it'));
INSERT INTO "translation".text_content (original_text, language_id) VALUES('broccoli', (SELECT l.id FROM "translation"."language" l WHERE l.iso_code LIKE 'en'));
INSERT INTO item.item ("name", text_content_id) VALUES('broccoli', (SELECT tc.id FROM "translation".text_content tc WHERE tc.original_text like 'broccoli'));
INSERT INTO "translation"."translation" ("translation", text_content_id, language_id) VALUES('brokuły', (SELECT tc.id FROM "translation".text_content tc WHERE tc.original_text like 'broccoli'), (SELECT l.id FROM "translation"."language" l WHERE l.iso_code LIKE 'pl'));
INSERT INTO "translation"."translation" ("translation", text_content_id, language_id) VALUES('brokkoli', (SELECT tc.id FROM "translation".text_content tc WHERE tc.original_text like 'broccoli'), (SELECT l.id FROM "translation"."language" l WHERE l.iso_code LIKE 'de'));
INSERT INTO "translation"."translation" ("translation", text_content_id, language_id) VALUES('brócoli', (SELECT tc.id FROM "translation".text_content tc WHERE tc.original_text like 'broccoli'), (SELECT l.id FROM "translation"."language" l WHERE l.iso_code LIKE 'es'));
INSERT INTO "translation"."translation" ("translation", text_content_id, language_id) VALUES('broccoli', (SELECT tc.id FROM "translation".text_content tc WHERE tc.original_text like 'broccoli'), (SELECT l.id FROM "translation"."language" l WHERE l.iso_code LIKE 'it'));
INSERT INTO "translation".text_content (original_text, language_id) VALUES('apple', (SELECT l.id FROM "translation"."language" l WHERE l.iso_code LIKE 'en'));
INSERT INTO item.item ("name", text_content_id) VALUES('apple', (SELECT tc.id FROM "translation".text_content tc WHERE tc.original_text like 'apple'));
INSERT INTO "translation"."translation" ("translation", text_content_id, language_id) VALUES('jabłko', (SELECT tc.id FROM "translation".text_content tc WHERE tc.original_text like 'apple'), (SELECT l.id FROM "translation"."language" l WHERE l.iso_code LIKE 'pl'));
INSERT INTO "translation"."translation" ("translation", text_content_id, language_id) VALUES('apfel', (SELECT tc.id FROM "translation".text_content tc WHERE tc.original_text like 'apple'), (SELECT l.id FROM "translation"."language" l WHERE l.iso_code LIKE 'de'));
INSERT INTO "translation"."translation" ("translation", text_content_id, language_id) VALUES('manzana', (SELECT tc.id FROM "translation".text_content tc WHERE tc.original_text like 'apple'), (SELECT l.id FROM "translation"."language" l WHERE l.iso_code LIKE 'es'));
INSERT INTO "translation"."translation" ("translation", text_content_id, language_id) VALUES('mela', (SELECT tc.id FROM "translation".text_content tc WHERE tc.original_text like 'apple'), (SELECT l.id FROM "translation"."language" l WHERE l.iso_code LIKE 'it'));
INSERT INTO "translation".text_content (original_text, language_id) VALUES('banana', (SELECT l.id FROM "translation"."language" l WHERE l.iso_code LIKE 'en'));
INSERT INTO item.item ("name", text_content_id) VALUES('banana', (SELECT tc.id FROM "translation".text_content tc WHERE tc.original_text like 'banana'));
INSERT INTO "translation"."translation" ("translation", text_content_id, language_id) VALUES('banan', (SELECT tc.id FROM "translation".text_content tc WHERE tc.original_text like 'banana'), (SELECT l.id FROM "translation"."language" l WHERE l.iso_code LIKE 'pl'));
INSERT INTO "translation"."translation" ("translation", text_content_id, language_id) VALUES('banane', (SELECT tc.id FROM "translation".text_content tc WHERE tc.original_text like 'banana'), (SELECT l.id FROM "translation"."language" l WHERE l.iso_code LIKE 'de'));
INSERT INTO "translation"."translation" ("translation", text_content_id, language_id) VALUES('plátano', (SELECT tc.id FROM "translation".text_content tc WHERE tc.original_text like 'banana'), (SELECT l.id FROM "translation"."language" l WHERE l.iso_code LIKE 'es'));
INSERT INTO "translation"."translation" ("translation", text_content_id, language_id) VALUES('banana', (SELECT tc.id FROM "translation".text_content tc WHERE tc.original_text like 'banana'), (SELECT l.id FROM "translation"."language" l WHERE l.iso_code LIKE 'it'));
INSERT INTO "translation".text_content (original_text, language_id) VALUES('pear', (SELECT l.id FROM "translation"."language" l WHERE l.iso_code LIKE 'en'));
INSERT INTO item.item ("name", text_content_id) VALUES('pear', (SELECT tc.id FROM "translation".text_content tc WHERE tc.original_text like 'pear'));
INSERT INTO "translation"."translation" ("translation", text_content_id, language_id) VALUES('gruszka', (SELECT tc.id FROM "translation".text_content tc WHERE tc.original_text like 'pear'), (SELECT l.id FROM "translation"."language" l WHERE l.iso_code LIKE 'pl'));
INSERT INTO "translation"."translation" ("translation", text_content_id, language_id) VALUES('birne', (SELECT tc.id FROM "translation".text_content tc WHERE tc.original_text like 'pear'), (SELECT l.id FROM "translation"."language" l WHERE l.iso_code LIKE 'de'));
INSERT INTO "translation"."translation" ("translation", text_content_id, language_id) VALUES('pera', (SELECT tc.id FROM "translation".text_content tc WHERE tc.original_text like 'pear'), (SELECT l.id FROM "translation"."language" l WHERE l.iso_code LIKE 'es'));
INSERT INTO "translation"."translation" ("translation", text_content_id, language_id) VALUES('pera', (SELECT tc.id FROM "translation".text_content tc WHERE tc.original_text like 'pear'), (SELECT l.id FROM "translation"."language" l WHERE l.iso_code LIKE 'it'));
INSERT INTO "translation".text_content (original_text, language_id) VALUES('orange', (SELECT l.id FROM "translation"."language" l WHERE l.iso_code LIKE 'en'));
INSERT INTO item.item ("name", text_content_id) VALUES('orange', (SELECT tc.id FROM "translation".text_content tc WHERE tc.original_text like 'orange'));
INSERT INTO "translation"."translation" ("translation", text_content_id, language_id) VALUES('pomarańcza', (SELECT tc.id FROM "translation".text_content tc WHERE tc.original_text like 'orange'), (SELECT l.id FROM "translation"."language" l WHERE l.iso_code LIKE 'pl'));
INSERT INTO "translation"."translation" ("translation", text_content_id, language_id) VALUES('orange', (SELECT tc.id FROM "translation".text_content tc WHERE tc.original_text like 'orange'), (SELECT l.id FROM "translation"."language" l WHERE l.iso_code LIKE 'de'));
INSERT INTO "translation"."translation" ("translation", text_content_id, language_id) VALUES('naranja', (SELECT tc.id FROM "translation".text_content tc WHERE tc.original_text like 'orange'), (SELECT l.id FROM "translation"."language" l WHERE l.iso_code LIKE 'es'));
INSERT INTO "translation"."translation" ("translation", text_content_id, language_id) VALUES('arancia', (SELECT tc.id FROM "translation".text_content tc WHERE tc.original_text like 'orange'), (SELECT l.id FROM "translation"."language" l WHERE l.iso_code LIKE 'it'));
INSERT INTO "translation".text_content (original_text, language_id) VALUES('watermelon', (SELECT l.id FROM "translation"."language" l WHERE l.iso_code LIKE 'en'));
INSERT INTO item.item ("name", text_content_id) VALUES('watermelon', (SELECT tc.id FROM "translation".text_content tc WHERE tc.original_text like 'watermelon'));
INSERT INTO "translation"."translation" ("translation", text_content_id, language_id) VALUES('arbuz', (SELECT tc.id FROM "translation".text_content tc WHERE tc.original_text like 'watermelon'), (SELECT l.id FROM "translation"."language" l WHERE l.iso_code LIKE 'pl'));
INSERT INTO "translation"."translation" ("translation", text_content_id, language_id) VALUES('wassermelone', (SELECT tc.id FROM "translation".text_content tc WHERE tc.original_text like 'watermelon'), (SELECT l.id FROM "translation"."language" l WHERE l.iso_code LIKE 'de'));
INSERT INTO "translation"."translation" ("translation", text_content_id, language_id) VALUES('sandía', (SELECT tc.id FROM "translation".text_content tc WHERE tc.original_text like 'watermelon'), (SELECT l.id FROM "translation"."language" l WHERE l.iso_code LIKE 'es'));
INSERT INTO "translation"."translation" ("translation", text_content_id, language_id) VALUES('cocomero', (SELECT tc.id FROM "translation".text_content tc WHERE tc.original_text like 'watermelon'), (SELECT l.id FROM "translation"."language" l WHERE l.iso_code LIKE 'it'));
INSERT INTO "translation".text_content (original_text, language_id) VALUES('lemon', (SELECT l.id FROM "translation"."language" l WHERE l.iso_code LIKE 'en'));
INSERT INTO item.item ("name", text_content_id) VALUES('lemon', (SELECT tc.id FROM "translation".text_content tc WHERE tc.original_text like 'lemon'));
INSERT INTO "translation"."translation" ("translation", text_content_id, language_id) VALUES('cytryna', (SELECT tc.id FROM "translation".text_content tc WHERE tc.original_text like 'lemon'), (SELECT l.id FROM "translation"."language" l WHERE l.iso_code LIKE 'pl'));
INSERT INTO "translation"."translation" ("translation", text_content_id, language_id) VALUES('zitrone', (SELECT tc.id FROM "translation".text_content tc WHERE tc.original_text like 'lemon'), (SELECT l.id FROM "translation"."language" l WHERE l.iso_code LIKE 'de'));
INSERT INTO "translation"."translation" ("translation", text_content_id, language_id) VALUES('limón', (SELECT tc.id FROM "translation".text_content tc WHERE tc.original_text like 'lemon'), (SELECT l.id FROM "translation"."language" l WHERE l.iso_code LIKE 'es'));
INSERT INTO "translation"."translation" ("translation", text_content_id, language_id) VALUES('limone', (SELECT tc.id FROM "translation".text_content tc WHERE tc.original_text like 'lemon'), (SELECT l.id FROM "translation"."language" l WHERE l.iso_code LIKE 'it'));
INSERT INTO "translation".text_content (original_text, language_id) VALUES('kiwi', (SELECT l.id FROM "translation"."language" l WHERE l.iso_code LIKE 'en'));
INSERT INTO item.item ("name", text_content_id) VALUES('kiwi', (SELECT tc.id FROM "translation".text_content tc WHERE tc.original_text like 'kiwi'));
INSERT INTO "translation"."translation" ("translation", text_content_id, language_id) VALUES('kiwi', (SELECT tc.id FROM "translation".text_content tc WHERE tc.original_text like 'kiwi'), (SELECT l.id FROM "translation"."language" l WHERE l.iso_code LIKE 'pl'));
INSERT INTO "translation"."translation" ("translation", text_content_id, language_id) VALUES('kiwi', (SELECT tc.id FROM "translation".text_content tc WHERE tc.original_text like 'kiwi'), (SELECT l.id FROM "translation"."language" l WHERE l.iso_code LIKE 'de'));
INSERT INTO "translation"."translation" ("translation", text_content_id, language_id) VALUES('kiwi', (SELECT tc.id FROM "translation".text_content tc WHERE tc.original_text like 'kiwi'), (SELECT l.id FROM "translation"."language" l WHERE l.iso_code LIKE 'es'));
INSERT INTO "translation"."translation" ("translation", text_content_id, language_id) VALUES('kiwi', (SELECT tc.id FROM "translation".text_content tc WHERE tc.original_text like 'kiwi'), (SELECT l.id FROM "translation"."language" l WHERE l.iso_code LIKE 'it'));
INSERT INTO "translation".text_content (original_text, language_id) VALUES('mango', (SELECT l.id FROM "translation"."language" l WHERE l.iso_code LIKE 'en'));
INSERT INTO item.item ("name", text_content_id) VALUES('mango', (SELECT tc.id FROM "translation".text_content tc WHERE tc.original_text like 'mango'));
INSERT INTO "translation"."translation" ("translation", text_content_id, language_id) VALUES('mango', (SELECT tc.id FROM "translation".text_content tc WHERE tc.original_text like 'mango'), (SELECT l.id FROM "translation"."language" l WHERE l.iso_code LIKE 'pl'));
INSERT INTO "translation"."translation" ("translation", text_content_id, language_id) VALUES('mango', (SELECT tc.id FROM "translation".text_content tc WHERE tc.original_text like 'mango'), (SELECT l.id FROM "translation"."language" l WHERE l.iso_code LIKE 'de'));
INSERT INTO "translation"."translation" ("translation", text_content_id, language_id) VALUES('mango', (SELECT tc.id FROM "translation".text_content tc WHERE tc.original_text like 'mango'), (SELECT l.id FROM "translation"."language" l WHERE l.iso_code LIKE 'es'));
INSERT INTO "translation"."translation" ("translation", text_content_id, language_id) VALUES('mango', (SELECT tc.id FROM "translation".text_content tc WHERE tc.original_text like 'mango'), (SELECT l.id FROM "translation"."language" l WHERE l.iso_code LIKE 'it'));
INSERT INTO "translation".text_content (original_text, language_id) VALUES('papaya', (SELECT l.id FROM "translation"."language" l WHERE l.iso_code LIKE 'en'));
INSERT INTO item.item ("name", text_content_id) VALUES('papaya', (SELECT tc.id FROM "translation".text_content tc WHERE tc.original_text like 'papaya'));
INSERT INTO "translation"."translation" ("translation", text_content_id, language_id) VALUES('papaja', (SELECT tc.id FROM "translation".text_content tc WHERE tc.original_text like 'papaya'), (SELECT l.id FROM "translation"."language" l WHERE l.iso_code LIKE 'pl'));
INSERT INTO "translation"."translation" ("translation", text_content_id, language_id) VALUES('papaya', (SELECT tc.id FROM "translation".text_content tc WHERE tc.original_text like 'papaya'), (SELECT l.id FROM "translation"."language" l WHERE l.iso_code LIKE 'de'));
INSERT INTO "translation"."translation" ("translation", text_content_id, language_id) VALUES('papaya', (SELECT tc.id FROM "translation".text_content tc WHERE tc.original_text like 'papaya'), (SELECT l.id FROM "translation"."language" l WHERE l.iso_code LIKE 'es'));
INSERT INTO "translation"."translation" ("translation", text_content_id, language_id) VALUES('papaya', (SELECT tc.id FROM "translation".text_content tc WHERE tc.original_text like 'papaya'), (SELECT l.id FROM "translation"."language" l WHERE l.iso_code LIKE 'it'));
INSERT INTO "translation".text_content (original_text, language_id) VALUES('strawberry', (SELECT l.id FROM "translation"."language" l WHERE l.iso_code LIKE 'en'));
INSERT INTO item.item ("name", text_content_id) VALUES('strawberry', (SELECT tc.id FROM "translation".text_content tc WHERE tc.original_text like 'strawberry'));
INSERT INTO "translation"."translation" ("translation", text_content_id, language_id) VALUES('truskawka', (SELECT tc.id FROM "translation".text_content tc WHERE tc.original_text like 'strawberry'), (SELECT l.id FROM "translation"."language" l WHERE l.iso_code LIKE 'pl'));
INSERT INTO "translation"."translation" ("translation", text_content_id, language_id) VALUES('erdbeere', (SELECT tc.id FROM "translation".text_content tc WHERE tc.original_text like 'strawberry'), (SELECT l.id FROM "translation"."language" l WHERE l.iso_code LIKE 'de'));
INSERT INTO "translation"."translation" ("translation", text_content_id, language_id) VALUES('fresa', (SELECT tc.id FROM "translation".text_content tc WHERE tc.original_text like 'strawberry'), (SELECT l.id FROM "translation"."language" l WHERE l.iso_code LIKE 'es'));
INSERT INTO "translation"."translation" ("translation", text_content_id, language_id) VALUES('fragola', (SELECT tc.id FROM "translation".text_content tc WHERE tc.original_text like 'strawberry'), (SELECT l.id FROM "translation"."language" l WHERE l.iso_code LIKE 'it'));
INSERT INTO "translation".text_content (original_text, language_id) VALUES('raspberry', (SELECT l.id FROM "translation"."language" l WHERE l.iso_code LIKE 'en'));
INSERT INTO item.item ("name", text_content_id) VALUES('raspberry', (SELECT tc.id FROM "translation".text_content tc WHERE tc.original_text like 'raspberry'));
INSERT INTO "translation"."translation" ("translation", text_content_id, language_id) VALUES('malina', (SELECT tc.id FROM "translation".text_content tc WHERE tc.original_text like 'raspberry'), (SELECT l.id FROM "translation"."language" l WHERE l.iso_code LIKE 'pl'));
INSERT INTO "translation"."translation" ("translation", text_content_id, language_id) VALUES('himbeere', (SELECT tc.id FROM "translation".text_content tc WHERE tc.original_text like 'raspberry'), (SELECT l.id FROM "translation"."language" l WHERE l.iso_code LIKE 'de'));
INSERT INTO "translation"."translation" ("translation", text_content_id, language_id) VALUES('frambuesa', (SELECT tc.id FROM "translation".text_content tc WHERE tc.original_text like 'raspberry'), (SELECT l.id FROM "translation"."language" l WHERE l.iso_code LIKE 'es'));
INSERT INTO "translation"."translation" ("translation", text_content_id, language_id) VALUES('lampone', (SELECT tc.id FROM "translation".text_content tc WHERE tc.original_text like 'raspberry'), (SELECT l.id FROM "translation"."language" l WHERE l.iso_code LIKE 'it'));
INSERT INTO "translation".text_content (original_text, language_id) VALUES('blueberry', (SELECT l.id FROM "translation"."language" l WHERE l.iso_code LIKE 'en'));
INSERT INTO item.item ("name", text_content_id) VALUES('blueberry', (SELECT tc.id FROM "translation".text_content tc WHERE tc.original_text like 'blueberry'));
INSERT INTO "translation"."translation" ("translation", text_content_id, language_id) VALUES('borówka amerykańska', (SELECT tc.id FROM "translation".text_content tc WHERE tc.original_text like 'blueberry'), (SELECT l.id FROM "translation"."language" l WHERE l.iso_code LIKE 'pl'));
INSERT INTO "translation"."translation" ("translation", text_content_id, language_id) VALUES('blaubeere', (SELECT tc.id FROM "translation".text_content tc WHERE tc.original_text like 'blueberry'), (SELECT l.id FROM "translation"."language" l WHERE l.iso_code LIKE 'de'));
INSERT INTO "translation"."translation" ("translation", text_content_id, language_id) VALUES('arándano', (SELECT tc.id FROM "translation".text_content tc WHERE tc.original_text like 'blueberry'), (SELECT l.id FROM "translation"."language" l WHERE l.iso_code LIKE 'es'));
INSERT INTO "translation"."translation" ("translation", text_content_id, language_id) VALUES('mirtillo', (SELECT tc.id FROM "translation".text_content tc WHERE tc.original_text like 'blueberry'), (SELECT l.id FROM "translation"."language" l WHERE l.iso_code LIKE 'it'));
INSERT INTO "translation".text_content (original_text, language_id) VALUES('plum', (SELECT l.id FROM "translation"."language" l WHERE l.iso_code LIKE 'en'));
INSERT INTO item.item ("name", text_content_id) VALUES('plum', (SELECT tc.id FROM "translation".text_content tc WHERE tc.original_text like 'plum'));
INSERT INTO "translation"."translation" ("translation", text_content_id, language_id) VALUES('śliwka', (SELECT tc.id FROM "translation".text_content tc WHERE tc.original_text like 'plum'), (SELECT l.id FROM "translation"."language" l WHERE l.iso_code LIKE 'pl'));
INSERT INTO "translation"."translation" ("translation", text_content_id, language_id) VALUES('pflaume', (SELECT tc.id FROM "translation".text_content tc WHERE tc.original_text like 'plum'), (SELECT l.id FROM "translation"."language" l WHERE l.iso_code LIKE 'de'));
INSERT INTO "translation"."translation" ("translation", text_content_id, language_id) VALUES('ciruela', (SELECT tc.id FROM "translation".text_content tc WHERE tc.original_text like 'plum'), (SELECT l.id FROM "translation"."language" l WHERE l.iso_code LIKE 'es'));
INSERT INTO "translation"."translation" ("translation", text_content_id, language_id) VALUES('prugna', (SELECT tc.id FROM "translation".text_content tc WHERE tc.original_text like 'plum'), (SELECT l.id FROM "translation"."language" l WHERE l.iso_code LIKE 'it'));
INSERT INTO "translation".text_content (original_text, language_id) VALUES('prune', (SELECT l.id FROM "translation"."language" l WHERE l.iso_code LIKE 'en'));
INSERT INTO item.item ("name", text_content_id) VALUES('prune', (SELECT tc.id FROM "translation".text_content tc WHERE tc.original_text like 'prune'));
INSERT INTO "translation"."translation" ("translation", text_content_id, language_id) VALUES('śliwka suszona', (SELECT tc.id FROM "translation".text_content tc WHERE tc.original_text like 'prune'), (SELECT l.id FROM "translation"."language" l WHERE l.iso_code LIKE 'pl'));
INSERT INTO "translation"."translation" ("translation", text_content_id, language_id) VALUES('pflaume (getrocknet)', (SELECT tc.id FROM "translation".text_content tc WHERE tc.original_text like 'prune'), (SELECT l.id FROM "translation"."language" l WHERE l.iso_code LIKE 'de'));
INSERT INTO "translation"."translation" ("translation", text_content_id, language_id) VALUES('ciruela pasa', (SELECT tc.id FROM "translation".text_content tc WHERE tc.original_text like 'prune'), (SELECT l.id FROM "translation"."language" l WHERE l.iso_code LIKE 'es'));
INSERT INTO "translation"."translation" ("translation", text_content_id, language_id) VALUES('prugna secca', (SELECT tc.id FROM "translation".text_content tc WHERE tc.original_text like 'prune'), (SELECT l.id FROM "translation"."language" l WHERE l.iso_code LIKE 'it'));
INSERT INTO "translation".text_content (original_text, language_id) VALUES('grape', (SELECT l.id FROM "translation"."language" l WHERE l.iso_code LIKE 'en'));
INSERT INTO item.item ("name", text_content_id) VALUES('grape', (SELECT tc.id FROM "translation".text_content tc WHERE tc.original_text like 'grape'));
INSERT INTO "translation"."translation" ("translation", text_content_id, language_id) VALUES('winogrono', (SELECT tc.id FROM "translation".text_content tc WHERE tc.original_text like 'grape'), (SELECT l.id FROM "translation"."language" l WHERE l.iso_code LIKE 'pl'));
INSERT INTO "translation"."translation" ("translation", text_content_id, language_id) VALUES('traube', (SELECT tc.id FROM "translation".text_content tc WHERE tc.original_text like 'grape'), (SELECT l.id FROM "translation"."language" l WHERE l.iso_code LIKE 'de'));
INSERT INTO "translation"."translation" ("translation", text_content_id, language_id) VALUES('uva', (SELECT tc.id FROM "translation".text_content tc WHERE tc.original_text like 'grape'), (SELECT l.id FROM "translation"."language" l WHERE l.iso_code LIKE 'es'));
INSERT INTO "translation"."translation" ("translation", text_content_id, language_id) VALUES('uva', (SELECT tc.id FROM "translation".text_content tc WHERE tc.original_text like 'grape'), (SELECT l.id FROM "translation"."language" l WHERE l.iso_code LIKE 'it'));
INSERT INTO "translation".text_content (original_text, language_id) VALUES('mirabelle plum', (SELECT l.id FROM "translation"."language" l WHERE l.iso_code LIKE 'en'));
INSERT INTO item.item ("name", text_content_id) VALUES('mirabelle plum', (SELECT tc.id FROM "translation".text_content tc WHERE tc.original_text like 'mirabelle plum'));
INSERT INTO "translation"."translation" ("translation", text_content_id, language_id) VALUES('śliwka mirabelka', (SELECT tc.id FROM "translation".text_content tc WHERE tc.original_text like 'mirabelle plum'), (SELECT l.id FROM "translation"."language" l WHERE l.iso_code LIKE 'pl'));
INSERT INTO "translation"."translation" ("translation", text_content_id, language_id) VALUES('mirabelle', (SELECT tc.id FROM "translation".text_content tc WHERE tc.original_text like 'mirabelle plum'), (SELECT l.id FROM "translation"."language" l WHERE l.iso_code LIKE 'de'));
INSERT INTO "translation"."translation" ("translation", text_content_id, language_id) VALUES('ciruela mirabel', (SELECT tc.id FROM "translation".text_content tc WHERE tc.original_text like 'mirabelle plum'), (SELECT l.id FROM "translation"."language" l WHERE l.iso_code LIKE 'es'));
INSERT INTO "translation"."translation" ("translation", text_content_id, language_id) VALUES('prugna mirabella', (SELECT tc.id FROM "translation".text_content tc WHERE tc.original_text like 'mirabelle plum'), (SELECT l.id FROM "translation"."language" l WHERE l.iso_code LIKE 'it'));
INSERT INTO "translation".text_content (original_text, language_id) VALUES('goji berry', (SELECT l.id FROM "translation"."language" l WHERE l.iso_code LIKE 'en'));
INSERT INTO item.item ("name", text_content_id) VALUES('goji berry', (SELECT tc.id FROM "translation".text_content tc WHERE tc.original_text like 'goji berry'));
INSERT INTO "translation"."translation" ("translation", text_content_id, language_id) VALUES('jagoda goji', (SELECT tc.id FROM "translation".text_content tc WHERE tc.original_text like 'goji berry'), (SELECT l.id FROM "translation"."language" l WHERE l.iso_code LIKE 'pl'));
INSERT INTO "translation"."translation" ("translation", text_content_id, language_id) VALUES('gojibeere', (SELECT tc.id FROM "translation".text_content tc WHERE tc.original_text like 'goji berry'), (SELECT l.id FROM "translation"."language" l WHERE l.iso_code LIKE 'de'));
INSERT INTO "translation"."translation" ("translation", text_content_id, language_id) VALUES('baya goji', (SELECT tc.id FROM "translation".text_content tc WHERE tc.original_text like 'goji berry'), (SELECT l.id FROM "translation"."language" l WHERE l.iso_code LIKE 'es'));
INSERT INTO "translation"."translation" ("translation", text_content_id, language_id) VALUES('bacca di goji', (SELECT tc.id FROM "translation".text_content tc WHERE tc.original_text like 'goji berry'), (SELECT l.id FROM "translation"."language" l WHERE l.iso_code LIKE 'it'));
INSERT INTO "translation".text_content (original_text, language_id) VALUES('blackcurrant', (SELECT l.id FROM "translation"."language" l WHERE l.iso_code LIKE 'en'));
INSERT INTO item.item ("name", text_content_id) VALUES('blackcurrant', (SELECT tc.id FROM "translation".text_content tc WHERE tc.original_text like 'blackcurrant'));
INSERT INTO "translation"."translation" ("translation", text_content_id, language_id) VALUES('czarna porzeczka', (SELECT tc.id FROM "translation".text_content tc WHERE tc.original_text like 'blackcurrant'), (SELECT l.id FROM "translation"."language" l WHERE l.iso_code LIKE 'pl'));
INSERT INTO "translation"."translation" ("translation", text_content_id, language_id) VALUES('schwarze johannisbeere', (SELECT tc.id FROM "translation".text_content tc WHERE tc.original_text like 'blackcurrant'), (SELECT l.id FROM "translation"."language" l WHERE l.iso_code LIKE 'de'));
INSERT INTO "translation"."translation" ("translation", text_content_id, language_id) VALUES('grosella negra', (SELECT tc.id FROM "translation".text_content tc WHERE tc.original_text like 'blackcurrant'), (SELECT l.id FROM "translation"."language" l WHERE l.iso_code LIKE 'es'));
INSERT INTO "translation"."translation" ("translation", text_content_id, language_id) VALUES('ribes nero', (SELECT tc.id FROM "translation".text_content tc WHERE tc.original_text like 'blackcurrant'), (SELECT l.id FROM "translation"."language" l WHERE l.iso_code LIKE 'it'));
INSERT INTO "translation".text_content (original_text, language_id) VALUES('redcurrant', (SELECT l.id FROM "translation"."language" l WHERE l.iso_code LIKE 'en'));
INSERT INTO item.item ("name", text_content_id) VALUES('redcurrant', (SELECT tc.id FROM "translation".text_content tc WHERE tc.original_text like 'redcurrant'));
INSERT INTO "translation"."translation" ("translation", text_content_id, language_id) VALUES('czerwona porzeczka', (SELECT tc.id FROM "translation".text_content tc WHERE tc.original_text like 'redcurrant'), (SELECT l.id FROM "translation"."language" l WHERE l.iso_code LIKE 'pl'));
INSERT INTO "translation"."translation" ("translation", text_content_id, language_id) VALUES('rote johannisbeere', (SELECT tc.id FROM "translation".text_content tc WHERE tc.original_text like 'redcurrant'), (SELECT l.id FROM "translation"."language" l WHERE l.iso_code LIKE 'de'));
INSERT INTO "translation"."translation" ("translation", text_content_id, language_id) VALUES('grosella roja', (SELECT tc.id FROM "translation".text_content tc WHERE tc.original_text like 'redcurrant'), (SELECT l.id FROM "translation"."language" l WHERE l.iso_code LIKE 'es'));
INSERT INTO "translation"."translation" ("translation", text_content_id, language_id) VALUES('ribes rosso', (SELECT tc.id FROM "translation".text_content tc WHERE tc.original_text like 'redcurrant'), (SELECT l.id FROM "translation"."language" l WHERE l.iso_code LIKE 'it'));
INSERT INTO "translation".text_content (original_text, language_id) VALUES('blackberry', (SELECT l.id FROM "translation"."language" l WHERE l.iso_code LIKE 'en'));
INSERT INTO item.item ("name", text_content_id) VALUES('blackberry', (SELECT tc.id FROM "translation".text_content tc WHERE tc.original_text like 'blackberry'));
INSERT INTO "translation"."translation" ("translation", text_content_id, language_id) VALUES('malina jeżyna', (SELECT tc.id FROM "translation".text_content tc WHERE tc.original_text like 'blackberry'), (SELECT l.id FROM "translation"."language" l WHERE l.iso_code LIKE 'pl'));
INSERT INTO "translation"."translation" ("translation", text_content_id, language_id) VALUES('brombeere', (SELECT tc.id FROM "translation".text_content tc WHERE tc.original_text like 'blackberry'), (SELECT l.id FROM "translation"."language" l WHERE l.iso_code LIKE 'de'));
INSERT INTO "translation"."translation" ("translation", text_content_id, language_id) VALUES('mora', (SELECT tc.id FROM "translation".text_content tc WHERE tc.original_text like 'blackberry'), (SELECT l.id FROM "translation"."language" l WHERE l.iso_code LIKE 'es'));
INSERT INTO "translation"."translation" ("translation", text_content_id, language_id) VALUES('mora di rovo', (SELECT tc.id FROM "translation".text_content tc WHERE tc.original_text like 'blackberry'), (SELECT l.id FROM "translation"."language" l WHERE l.iso_code LIKE 'it'));
INSERT INTO "translation".text_content (original_text, language_id) VALUES('wild strawberry', (SELECT l.id FROM "translation"."language" l WHERE l.iso_code LIKE 'en'));
INSERT INTO item.item ("name", text_content_id) VALUES('wild strawberry', (SELECT tc.id FROM "translation".text_content tc WHERE tc.original_text like 'wild strawberry'));
INSERT INTO "translation"."translation" ("translation", text_content_id, language_id) VALUES('truskawka poziomka', (SELECT tc.id FROM "translation".text_content tc WHERE tc.original_text like 'wild strawberry'), (SELECT l.id FROM "translation"."language" l WHERE l.iso_code LIKE 'pl'));
INSERT INTO "translation"."translation" ("translation", text_content_id, language_id) VALUES('walderdbeere', (SELECT tc.id FROM "translation".text_content tc WHERE tc.original_text like 'wild strawberry'), (SELECT l.id FROM "translation"."language" l WHERE l.iso_code LIKE 'de'));
INSERT INTO "translation"."translation" ("translation", text_content_id, language_id) VALUES('fresa silvestre', (SELECT tc.id FROM "translation".text_content tc WHERE tc.original_text like 'wild strawberry'), (SELECT l.id FROM "translation"."language" l WHERE l.iso_code LIKE 'es'));
INSERT INTO "translation"."translation" ("translation", text_content_id, language_id) VALUES('fragola di bosco', (SELECT tc.id FROM "translation".text_content tc WHERE tc.original_text like 'wild strawberry'), (SELECT l.id FROM "translation"."language" l WHERE l.iso_code LIKE 'it'));
INSERT INTO "translation".text_content (original_text, language_id) VALUES('black plum', (SELECT l.id FROM "translation"."language" l WHERE l.iso_code LIKE 'en'));
INSERT INTO item.item ("name", text_content_id) VALUES('black plum', (SELECT tc.id FROM "translation".text_content tc WHERE tc.original_text like 'black plum'));
INSERT INTO "translation"."translation" ("translation", text_content_id, language_id) VALUES('śliwka czarna', (SELECT tc.id FROM "translation".text_content tc WHERE tc.original_text like 'black plum'), (SELECT l.id FROM "translation"."language" l WHERE l.iso_code LIKE 'pl'));
INSERT INTO "translation"."translation" ("translation", text_content_id, language_id) VALUES('schwarze pflaume', (SELECT tc.id FROM "translation".text_content tc WHERE tc.original_text like 'black plum'), (SELECT l.id FROM "translation"."language" l WHERE l.iso_code LIKE 'de'));
INSERT INTO "translation"."translation" ("translation", text_content_id, language_id) VALUES('ciruela negra', (SELECT tc.id FROM "translation".text_content tc WHERE tc.original_text like 'black plum'), (SELECT l.id FROM "translation"."language" l WHERE l.iso_code LIKE 'es'));
INSERT INTO "translation"."translation" ("translation", text_content_id, language_id) VALUES('prugna nera', (SELECT tc.id FROM "translation".text_content tc WHERE tc.original_text like 'black plum'), (SELECT l.id FROM "translation"."language" l WHERE l.iso_code LIKE 'it'));
INSERT INTO "translation".text_content (original_text, language_id) VALUES('green kiwi', (SELECT l.id FROM "translation"."language" l WHERE l.iso_code LIKE 'en'));
INSERT INTO item.item ("name", text_content_id) VALUES('green kiwi', (SELECT tc.id FROM "translation".text_content tc WHERE tc.original_text like 'green kiwi'));
INSERT INTO "translation"."translation" ("translation", text_content_id, language_id) VALUES('kiwi zielone', (SELECT tc.id FROM "translation".text_content tc WHERE tc.original_text like 'green kiwi'), (SELECT l.id FROM "translation"."language" l WHERE l.iso_code LIKE 'pl'));
INSERT INTO "translation"."translation" ("translation", text_content_id, language_id) VALUES('grüne kiwi', (SELECT tc.id FROM "translation".text_content tc WHERE tc.original_text like 'green kiwi'), (SELECT l.id FROM "translation"."language" l WHERE l.iso_code LIKE 'de'));
INSERT INTO "translation"."translation" ("translation", text_content_id, language_id) VALUES('kiwi verde', (SELECT tc.id FROM "translation".text_content tc WHERE tc.original_text like 'green kiwi'), (SELECT l.id FROM "translation"."language" l WHERE l.iso_code LIKE 'es'));
INSERT INTO "translation"."translation" ("translation", text_content_id, language_id) VALUES('kiwi verde', (SELECT tc.id FROM "translation".text_content tc WHERE tc.original_text like 'green kiwi'), (SELECT l.id FROM "translation"."language" l WHERE l.iso_code LIKE 'it'));
INSERT INTO "translation".text_content (original_text, language_id) VALUES('golden kiwi', (SELECT l.id FROM "translation"."language" l WHERE l.iso_code LIKE 'en'));
INSERT INTO item.item ("name", text_content_id) VALUES('golden kiwi', (SELECT tc.id FROM "translation".text_content tc WHERE tc.original_text like 'golden kiwi'));
INSERT INTO "translation"."translation" ("translation", text_content_id, language_id) VALUES('kiwi złote', (SELECT tc.id FROM "translation".text_content tc WHERE tc.original_text like 'golden kiwi'), (SELECT l.id FROM "translation"."language" l WHERE l.iso_code LIKE 'pl'));
INSERT INTO "translation"."translation" ("translation", text_content_id, language_id) VALUES('goldene kiwi', (SELECT tc.id FROM "translation".text_content tc WHERE tc.original_text like 'golden kiwi'), (SELECT l.id FROM "translation"."language" l WHERE l.iso_code LIKE 'de'));
INSERT INTO "translation"."translation" ("translation", text_content_id, language_id) VALUES('kiwi dorado', (SELECT tc.id FROM "translation".text_content tc WHERE tc.original_text like 'golden kiwi'), (SELECT l.id FROM "translation"."language" l WHERE l.iso_code LIKE 'es'));
INSERT INTO "translation"."translation" ("translation", text_content_id, language_id) VALUES('kiwi giallo', (SELECT tc.id FROM "translation".text_content tc WHERE tc.original_text like 'golden kiwi'), (SELECT l.id FROM "translation"."language" l WHERE l.iso_code LIKE 'it'));
INSERT INTO "translation".text_content (original_text, language_id) VALUES('plantain', (SELECT l.id FROM "translation"."language" l WHERE l.iso_code LIKE 'en'));
INSERT INTO item.item ("name", text_content_id) VALUES('plantain', (SELECT tc.id FROM "translation".text_content tc WHERE tc.original_text like 'plantain'));
INSERT INTO "translation"."translation" ("translation", text_content_id, language_id) VALUES('banan plantain', (SELECT tc.id FROM "translation".text_content tc WHERE tc.original_text like 'plantain'), (SELECT l.id FROM "translation"."language" l WHERE l.iso_code LIKE 'pl'));
INSERT INTO "translation"."translation" ("translation", text_content_id, language_id) VALUES('kochbanane', (SELECT tc.id FROM "translation".text_content tc WHERE tc.original_text like 'plantain'), (SELECT l.id FROM "translation"."language" l WHERE l.iso_code LIKE 'de'));
INSERT INTO "translation"."translation" ("translation", text_content_id, language_id) VALUES('plátano macho', (SELECT tc.id FROM "translation".text_content tc WHERE tc.original_text like 'plantain'), (SELECT l.id FROM "translation"."language" l WHERE l.iso_code LIKE 'es'));
INSERT INTO "translation"."translation" ("translation", text_content_id, language_id) VALUES('banana platano', (SELECT tc.id FROM "translation".text_content tc WHERE tc.original_text like 'plantain'), (SELECT l.id FROM "translation"."language" l WHERE l.iso_code LIKE 'it'));
INSERT INTO "translation".text_content (original_text, language_id) VALUES('lady finger banana', (SELECT l.id FROM "translation"."language" l WHERE l.iso_code LIKE 'en'));
INSERT INTO item.item ("name", text_content_id) VALUES('lady finger banana', (SELECT tc.id FROM "translation".text_content tc WHERE tc.original_text like 'lady finger banana'));
INSERT INTO "translation"."translation" ("translation", text_content_id, language_id) VALUES('banan lady finger', (SELECT tc.id FROM "translation".text_content tc WHERE tc.original_text like 'lady finger banana'), (SELECT l.id FROM "translation"."language" l WHERE l.iso_code LIKE 'pl'));
INSERT INTO "translation"."translation" ("translation", text_content_id, language_id) VALUES('lady-finger-banane', (SELECT tc.id FROM "translation".text_content tc WHERE tc.original_text like 'lady finger banana'), (SELECT l.id FROM "translation"."language" l WHERE l.iso_code LIKE 'de'));
INSERT INTO "translation"."translation" ("translation", text_content_id, language_id) VALUES('plátano de dedo', (SELECT tc.id FROM "translation".text_content tc WHERE tc.original_text like 'lady finger banana'), (SELECT l.id FROM "translation"."language" l WHERE l.iso_code LIKE 'es'));
INSERT INTO "translation"."translation" ("translation", text_content_id, language_id) VALUES('banana lady finger', (SELECT tc.id FROM "translation".text_content tc WHERE tc.original_text like 'lady finger banana'), (SELECT l.id FROM "translation"."language" l WHERE l.iso_code LIKE 'it'));
INSERT INTO "translation".text_content (original_text, language_id) VALUES('red banana', (SELECT l.id FROM "translation"."language" l WHERE l.iso_code LIKE 'en'));
INSERT INTO item.item ("name", text_content_id) VALUES('red banana', (SELECT tc.id FROM "translation".text_content tc WHERE tc.original_text like 'red banana'));
INSERT INTO "translation"."translation" ("translation", text_content_id, language_id) VALUES('banan czerwony', (SELECT tc.id FROM "translation".text_content tc WHERE tc.original_text like 'red banana'), (SELECT l.id FROM "translation"."language" l WHERE l.iso_code LIKE 'pl'));
INSERT INTO "translation"."translation" ("translation", text_content_id, language_id) VALUES('rote banane', (SELECT tc.id FROM "translation".text_content tc WHERE tc.original_text like 'red banana'), (SELECT l.id FROM "translation"."language" l WHERE l.iso_code LIKE 'de'));
INSERT INTO "translation"."translation" ("translation", text_content_id, language_id) VALUES('plátano rojo', (SELECT tc.id FROM "translation".text_content tc WHERE tc.original_text like 'red banana'), (SELECT l.id FROM "translation"."language" l WHERE l.iso_code LIKE 'es'));
INSERT INTO "translation"."translation" ("translation", text_content_id, language_id) VALUES('banana rossa', (SELECT tc.id FROM "translation".text_content tc WHERE tc.original_text like 'red banana'), (SELECT l.id FROM "translation"."language" l WHERE l.iso_code LIKE 'it'));
INSERT INTO "translation".text_content (original_text, language_id) VALUES('coconut', (SELECT l.id FROM "translation"."language" l WHERE l.iso_code LIKE 'en'));
INSERT INTO item.item ("name", text_content_id) VALUES('coconut', (SELECT tc.id FROM "translation".text_content tc WHERE tc.original_text like 'coconut'));
INSERT INTO "translation"."translation" ("translation", text_content_id, language_id) VALUES('kokos', (SELECT tc.id FROM "translation".text_content tc WHERE tc.original_text like 'coconut'), (SELECT l.id FROM "translation"."language" l WHERE l.iso_code LIKE 'pl'));
INSERT INTO "translation"."translation" ("translation", text_content_id, language_id) VALUES('kokosnuss', (SELECT tc.id FROM "translation".text_content tc WHERE tc.original_text like 'coconut'), (SELECT l.id FROM "translation"."language" l WHERE l.iso_code LIKE 'de'));
INSERT INTO "translation"."translation" ("translation", text_content_id, language_id) VALUES('coco', (SELECT tc.id FROM "translation".text_content tc WHERE tc.original_text like 'coconut'), (SELECT l.id FROM "translation"."language" l WHERE l.iso_code LIKE 'es'));
INSERT INTO "translation"."translation" ("translation", text_content_id, language_id) VALUES('cocco', (SELECT tc.id FROM "translation".text_content tc WHERE tc.original_text like 'coconut'), (SELECT l.id FROM "translation"."language" l WHERE l.iso_code LIKE 'it'));
INSERT INTO "translation".text_content (original_text, language_id) VALUES('pineapple', (SELECT l.id FROM "translation"."language" l WHERE l.iso_code LIKE 'en'));
INSERT INTO item.item ("name", text_content_id) VALUES('pineapple', (SELECT tc.id FROM "translation".text_content tc WHERE tc.original_text like 'pineapple'));
INSERT INTO "translation"."translation" ("translation", text_content_id, language_id) VALUES('ananas', (SELECT tc.id FROM "translation".text_content tc WHERE tc.original_text like 'pineapple'), (SELECT l.id FROM "translation"."language" l WHERE l.iso_code LIKE 'pl'));
INSERT INTO "translation"."translation" ("translation", text_content_id, language_id) VALUES('ananas', (SELECT tc.id FROM "translation".text_content tc WHERE tc.original_text like 'pineapple'), (SELECT l.id FROM "translation"."language" l WHERE l.iso_code LIKE 'de'));
INSERT INTO "translation"."translation" ("translation", text_content_id, language_id) VALUES('piña', (SELECT tc.id FROM "translation".text_content tc WHERE tc.original_text like 'pineapple'), (SELECT l.id FROM "translation"."language" l WHERE l.iso_code LIKE 'es'));
INSERT INTO "translation"."translation" ("translation", text_content_id, language_id) VALUES('ananas', (SELECT tc.id FROM "translation".text_content tc WHERE tc.original_text like 'pineapple'), (SELECT l.id FROM "translation"."language" l WHERE l.iso_code LIKE 'it'));
INSERT INTO "translation".text_content (original_text, language_id) VALUES('green mango', (SELECT l.id FROM "translation"."language" l WHERE l.iso_code LIKE 'en'));
INSERT INTO item.item ("name", text_content_id) VALUES('green mango', (SELECT tc.id FROM "translation".text_content tc WHERE tc.original_text like 'green mango'));
INSERT INTO "translation"."translation" ("translation", text_content_id, language_id) VALUES('mango zielone', (SELECT tc.id FROM "translation".text_content tc WHERE tc.original_text like 'green mango'), (SELECT l.id FROM "translation"."language" l WHERE l.iso_code LIKE 'pl'));
INSERT INTO "translation"."translation" ("translation", text_content_id, language_id) VALUES('grüner mango', (SELECT tc.id FROM "translation".text_content tc WHERE tc.original_text like 'green mango'), (SELECT l.id FROM "translation"."language" l WHERE l.iso_code LIKE 'de'));
INSERT INTO "translation"."translation" ("translation", text_content_id, language_id) VALUES('mango verde', (SELECT tc.id FROM "translation".text_content tc WHERE tc.original_text like 'green mango'), (SELECT l.id FROM "translation"."language" l WHERE l.iso_code LIKE 'es'));
INSERT INTO "translation"."translation" ("translation", text_content_id, language_id) VALUES('mango verde', (SELECT tc.id FROM "translation".text_content tc WHERE tc.original_text like 'green mango'), (SELECT l.id FROM "translation"."language" l WHERE l.iso_code LIKE 'it'));
INSERT INTO "translation".text_content (original_text, language_id) VALUES('red mango', (SELECT l.id FROM "translation"."language" l WHERE l.iso_code LIKE 'en'));
INSERT INTO item.item ("name", text_content_id) VALUES('red mango', (SELECT tc.id FROM "translation".text_content tc WHERE tc.original_text like 'red mango'));
INSERT INTO "translation"."translation" ("translation", text_content_id, language_id) VALUES('mango czerwone', (SELECT tc.id FROM "translation".text_content tc WHERE tc.original_text like 'red mango'), (SELECT l.id FROM "translation"."language" l WHERE l.iso_code LIKE 'pl'));
INSERT INTO "translation"."translation" ("translation", text_content_id, language_id) VALUES('roter mango', (SELECT tc.id FROM "translation".text_content tc WHERE tc.original_text like 'red mango'), (SELECT l.id FROM "translation"."language" l WHERE l.iso_code LIKE 'de'));
INSERT INTO "translation"."translation" ("translation", text_content_id, language_id) VALUES('mango rojo', (SELECT tc.id FROM "translation".text_content tc WHERE tc.original_text like 'red mango'), (SELECT l.id FROM "translation"."language" l WHERE l.iso_code LIKE 'es'));
INSERT INTO "translation"."translation" ("translation", text_content_id, language_id) VALUES('mango rosso', (SELECT tc.id FROM "translation".text_content tc WHERE tc.original_text like 'red mango'), (SELECT l.id FROM "translation"."language" l WHERE l.iso_code LIKE 'it'));
INSERT INTO "translation".text_content (original_text, language_id) VALUES('bread', (SELECT l.id FROM "translation"."language" l WHERE l.iso_code LIKE 'en'));
INSERT INTO item.item ("name", text_content_id) VALUES('bread', (SELECT tc.id FROM "translation".text_content tc WHERE tc.original_text like 'bread'));
INSERT INTO "translation"."translation" ("translation", text_content_id, language_id) VALUES('chleb', (SELECT tc.id FROM "translation".text_content tc WHERE tc.original_text like 'bread'), (SELECT l.id FROM "translation"."language" l WHERE l.iso_code LIKE 'pl'));
INSERT INTO "translation"."translation" ("translation", text_content_id, language_id) VALUES('brot', (SELECT tc.id FROM "translation".text_content tc WHERE tc.original_text like 'bread'), (SELECT l.id FROM "translation"."language" l WHERE l.iso_code LIKE 'de'));
INSERT INTO "translation"."translation" ("translation", text_content_id, language_id) VALUES('pan', (SELECT tc.id FROM "translation".text_content tc WHERE tc.original_text like 'bread'), (SELECT l.id FROM "translation"."language" l WHERE l.iso_code LIKE 'es'));
INSERT INTO "translation"."translation" ("translation", text_content_id, language_id) VALUES('pane', (SELECT tc.id FROM "translation".text_content tc WHERE tc.original_text like 'bread'), (SELECT l.id FROM "translation"."language" l WHERE l.iso_code LIKE 'it'));
INSERT INTO "translation".text_content (original_text, language_id) VALUES('roll', (SELECT l.id FROM "translation"."language" l WHERE l.iso_code LIKE 'en'));
INSERT INTO item.item ("name", text_content_id) VALUES('roll', (SELECT tc.id FROM "translation".text_content tc WHERE tc.original_text like 'roll'));
INSERT INTO "translation"."translation" ("translation", text_content_id, language_id) VALUES('bułka', (SELECT tc.id FROM "translation".text_content tc WHERE tc.original_text like 'roll'), (SELECT l.id FROM "translation"."language" l WHERE l.iso_code LIKE 'pl'));
INSERT INTO "translation"."translation" ("translation", text_content_id, language_id) VALUES('brötchen', (SELECT tc.id FROM "translation".text_content tc WHERE tc.original_text like 'roll'), (SELECT l.id FROM "translation"."language" l WHERE l.iso_code LIKE 'de'));
INSERT INTO "translation"."translation" ("translation", text_content_id, language_id) VALUES('panecillo', (SELECT tc.id FROM "translation".text_content tc WHERE tc.original_text like 'roll'), (SELECT l.id FROM "translation"."language" l WHERE l.iso_code LIKE 'es'));
INSERT INTO "translation"."translation" ("translation", text_content_id, language_id) VALUES('panino', (SELECT tc.id FROM "translation".text_content tc WHERE tc.original_text like 'roll'), (SELECT l.id FROM "translation"."language" l WHERE l.iso_code LIKE 'it'));
INSERT INTO "translation".text_content (original_text, language_id) VALUES('yellow cheese', (SELECT l.id FROM "translation"."language" l WHERE l.iso_code LIKE 'en'));
INSERT INTO item.item ("name", text_content_id) VALUES('yellow cheese', (SELECT tc.id FROM "translation".text_content tc WHERE tc.original_text like 'yellow cheese'));
INSERT INTO "translation"."translation" ("translation", text_content_id, language_id) VALUES('ser żółty', (SELECT tc.id FROM "translation".text_content tc WHERE tc.original_text like 'yellow cheese'), (SELECT l.id FROM "translation"."language" l WHERE l.iso_code LIKE 'pl'));
INSERT INTO "translation"."translation" ("translation", text_content_id, language_id) VALUES('gouda-käse', (SELECT tc.id FROM "translation".text_content tc WHERE tc.original_text like 'yellow cheese'), (SELECT l.id FROM "translation"."language" l WHERE l.iso_code LIKE 'de'));
INSERT INTO "translation"."translation" ("translation", text_content_id, language_id) VALUES('queso amarillo', (SELECT tc.id FROM "translation".text_content tc WHERE tc.original_text like 'yellow cheese'), (SELECT l.id FROM "translation"."language" l WHERE l.iso_code LIKE 'es'));
INSERT INTO "translation"."translation" ("translation", text_content_id, language_id) VALUES('formaggio giallo', (SELECT tc.id FROM "translation".text_content tc WHERE tc.original_text like 'yellow cheese'), (SELECT l.id FROM "translation"."language" l WHERE l.iso_code LIKE 'it'));
INSERT INTO "translation".text_content (original_text, language_id) VALUES('blue cheese', (SELECT l.id FROM "translation"."language" l WHERE l.iso_code LIKE 'en'));
INSERT INTO item.item ("name", text_content_id) VALUES('blue cheese', (SELECT tc.id FROM "translation".text_content tc WHERE tc.original_text like 'blue cheese'));
INSERT INTO "translation"."translation" ("translation", text_content_id, language_id) VALUES('ser pleśniowy', (SELECT tc.id FROM "translation".text_content tc WHERE tc.original_text like 'blue cheese'), (SELECT l.id FROM "translation"."language" l WHERE l.iso_code LIKE 'pl'));
INSERT INTO "translation"."translation" ("translation", text_content_id, language_id) VALUES('blauschimmelkäse', (SELECT tc.id FROM "translation".text_content tc WHERE tc.original_text like 'blue cheese'), (SELECT l.id FROM "translation"."language" l WHERE l.iso_code LIKE 'de'));
INSERT INTO "translation"."translation" ("translation", text_content_id, language_id) VALUES('queso azul', (SELECT tc.id FROM "translation".text_content tc WHERE tc.original_text like 'blue cheese'), (SELECT l.id FROM "translation"."language" l WHERE l.iso_code LIKE 'es'));
INSERT INTO "translation"."translation" ("translation", text_content_id, language_id) VALUES('formaggio azzurro', (SELECT tc.id FROM "translation".text_content tc WHERE tc.original_text like 'blue cheese'), (SELECT l.id FROM "translation"."language" l WHERE l.iso_code LIKE 'it'));
INSERT INTO "translation".text_content (original_text, language_id) VALUES('butter', (SELECT l.id FROM "translation"."language" l WHERE l.iso_code LIKE 'en'));
INSERT INTO item.item ("name", text_content_id) VALUES('butter', (SELECT tc.id FROM "translation".text_content tc WHERE tc.original_text like 'butter'));
INSERT INTO "translation"."translation" ("translation", text_content_id, language_id) VALUES('masło', (SELECT tc.id FROM "translation".text_content tc WHERE tc.original_text like 'butter'), (SELECT l.id FROM "translation"."language" l WHERE l.iso_code LIKE 'pl'));
INSERT INTO "translation"."translation" ("translation", text_content_id, language_id) VALUES('butter', (SELECT tc.id FROM "translation".text_content tc WHERE tc.original_text like 'butter'), (SELECT l.id FROM "translation"."language" l WHERE l.iso_code LIKE 'de'));
INSERT INTO "translation"."translation" ("translation", text_content_id, language_id) VALUES('mantequilla', (SELECT tc.id FROM "translation".text_content tc WHERE tc.original_text like 'butter'), (SELECT l.id FROM "translation"."language" l WHERE l.iso_code LIKE 'es'));
INSERT INTO "translation"."translation" ("translation", text_content_id, language_id) VALUES('burro', (SELECT tc.id FROM "translation".text_content tc WHERE tc.original_text like 'butter'), (SELECT l.id FROM "translation"."language" l WHERE l.iso_code LIKE 'it'));
INSERT INTO "translation".text_content (original_text, language_id) VALUES('eggs', (SELECT l.id FROM "translation"."language" l WHERE l.iso_code LIKE 'en'));
INSERT INTO item.item ("name", text_content_id) VALUES('eggs', (SELECT tc.id FROM "translation".text_content tc WHERE tc.original_text like 'eggs'));
INSERT INTO "translation"."translation" ("translation", text_content_id, language_id) VALUES('jajka', (SELECT tc.id FROM "translation".text_content tc WHERE tc.original_text like 'eggs'), (SELECT l.id FROM "translation"."language" l WHERE l.iso_code LIKE 'pl'));
INSERT INTO "translation"."translation" ("translation", text_content_id, language_id) VALUES('eier', (SELECT tc.id FROM "translation".text_content tc WHERE tc.original_text like 'eggs'), (SELECT l.id FROM "translation"."language" l WHERE l.iso_code LIKE 'de'));
INSERT INTO "translation"."translation" ("translation", text_content_id, language_id) VALUES('huevos', (SELECT tc.id FROM "translation".text_content tc WHERE tc.original_text like 'eggs'), (SELECT l.id FROM "translation"."language" l WHERE l.iso_code LIKE 'es'));
INSERT INTO "translation"."translation" ("translation", text_content_id, language_id) VALUES('uova', (SELECT tc.id FROM "translation".text_content tc WHERE tc.original_text like 'eggs'), (SELECT l.id FROM "translation"."language" l WHERE l.iso_code LIKE 'it'));
INSERT INTO "translation".text_content (original_text, language_id) VALUES('ham', (SELECT l.id FROM "translation"."language" l WHERE l.iso_code LIKE 'en'));
INSERT INTO item.item ("name", text_content_id) VALUES('ham', (SELECT tc.id FROM "translation".text_content tc WHERE tc.original_text like 'ham'));
INSERT INTO "translation"."translation" ("translation", text_content_id, language_id) VALUES('szynka', (SELECT tc.id FROM "translation".text_content tc WHERE tc.original_text like 'ham'), (SELECT l.id FROM "translation"."language" l WHERE l.iso_code LIKE 'pl'));
INSERT INTO "translation"."translation" ("translation", text_content_id, language_id) VALUES('schinken', (SELECT tc.id FROM "translation".text_content tc WHERE tc.original_text like 'ham'), (SELECT l.id FROM "translation"."language" l WHERE l.iso_code LIKE 'de'));
INSERT INTO "translation"."translation" ("translation", text_content_id, language_id) VALUES('jamón', (SELECT tc.id FROM "translation".text_content tc WHERE tc.original_text like 'ham'), (SELECT l.id FROM "translation"."language" l WHERE l.iso_code LIKE 'es'));
INSERT INTO "translation"."translation" ("translation", text_content_id, language_id) VALUES('prosciutto', (SELECT tc.id FROM "translation".text_content tc WHERE tc.original_text like 'ham'), (SELECT l.id FROM "translation"."language" l WHERE l.iso_code LIKE 'it'));
INSERT INTO "translation".text_content (original_text, language_id) VALUES('sausage', (SELECT l.id FROM "translation"."language" l WHERE l.iso_code LIKE 'en'));
INSERT INTO item.item ("name", text_content_id) VALUES('sausage', (SELECT tc.id FROM "translation".text_content tc WHERE tc.original_text like 'sausage'));
INSERT INTO "translation"."translation" ("translation", text_content_id, language_id) VALUES('kiełbasa', (SELECT tc.id FROM "translation".text_content tc WHERE tc.original_text like 'sausage'), (SELECT l.id FROM "translation"."language" l WHERE l.iso_code LIKE 'pl'));
INSERT INTO "translation"."translation" ("translation", text_content_id, language_id) VALUES('wurst', (SELECT tc.id FROM "translation".text_content tc WHERE tc.original_text like 'sausage'), (SELECT l.id FROM "translation"."language" l WHERE l.iso_code LIKE 'de'));
INSERT INTO "translation"."translation" ("translation", text_content_id, language_id) VALUES('salchicha', (SELECT tc.id FROM "translation".text_content tc WHERE tc.original_text like 'sausage'), (SELECT l.id FROM "translation"."language" l WHERE l.iso_code LIKE 'es'));
INSERT INTO "translation"."translation" ("translation", text_content_id, language_id) VALUES('salsiccia', (SELECT tc.id FROM "translation".text_content tc WHERE tc.original_text like 'sausage'), (SELECT l.id FROM "translation"."language" l WHERE l.iso_code LIKE 'it'));
INSERT INTO "translation".text_content (original_text, language_id) VALUES('rice', (SELECT l.id FROM "translation"."language" l WHERE l.iso_code LIKE 'en'));
INSERT INTO item.item ("name", text_content_id) VALUES('rice', (SELECT tc.id FROM "translation".text_content tc WHERE tc.original_text like 'rice'));
INSERT INTO "translation"."translation" ("translation", text_content_id, language_id) VALUES('ryż', (SELECT tc.id FROM "translation".text_content tc WHERE tc.original_text like 'rice'), (SELECT l.id FROM "translation"."language" l WHERE l.iso_code LIKE 'pl'));
INSERT INTO "translation"."translation" ("translation", text_content_id, language_id) VALUES('reis', (SELECT tc.id FROM "translation".text_content tc WHERE tc.original_text like 'rice'), (SELECT l.id FROM "translation"."language" l WHERE l.iso_code LIKE 'de'));
INSERT INTO "translation"."translation" ("translation", text_content_id, language_id) VALUES('arroz', (SELECT tc.id FROM "translation".text_content tc WHERE tc.original_text like 'rice'), (SELECT l.id FROM "translation"."language" l WHERE l.iso_code LIKE 'es'));
INSERT INTO "translation"."translation" ("translation", text_content_id, language_id) VALUES('riso', (SELECT tc.id FROM "translation".text_content tc WHERE tc.original_text like 'rice'), (SELECT l.id FROM "translation"."language" l WHERE l.iso_code LIKE 'it'));
INSERT INTO "translation".text_content (original_text, language_id) VALUES('spaghetti', (SELECT l.id FROM "translation"."language" l WHERE l.iso_code LIKE 'en'));
INSERT INTO item.item ("name", text_content_id) VALUES('spaghetti', (SELECT tc.id FROM "translation".text_content tc WHERE tc.original_text like 'spaghetti'));
INSERT INTO "translation"."translation" ("translation", text_content_id, language_id) VALUES('makaron', (SELECT tc.id FROM "translation".text_content tc WHERE tc.original_text like 'spaghetti'), (SELECT l.id FROM "translation"."language" l WHERE l.iso_code LIKE 'pl'));
INSERT INTO "translation"."translation" ("translation", text_content_id, language_id) VALUES('spaghetti', (SELECT tc.id FROM "translation".text_content tc WHERE tc.original_text like 'spaghetti'), (SELECT l.id FROM "translation"."language" l WHERE l.iso_code LIKE 'de'));
INSERT INTO "translation"."translation" ("translation", text_content_id, language_id) VALUES('espagueti', (SELECT tc.id FROM "translation".text_content tc WHERE tc.original_text like 'spaghetti'), (SELECT l.id FROM "translation"."language" l WHERE l.iso_code LIKE 'es'));
INSERT INTO "translation"."translation" ("translation", text_content_id, language_id) VALUES('spaghetti', (SELECT tc.id FROM "translation".text_content tc WHERE tc.original_text like 'spaghetti'), (SELECT l.id FROM "translation"."language" l WHERE l.iso_code LIKE 'it'));
INSERT INTO "translation".text_content (original_text, language_id) VALUES('tomato', (SELECT l.id FROM "translation"."language" l WHERE l.iso_code LIKE 'en'));
INSERT INTO item.item ("name", text_content_id) VALUES('tomato', (SELECT tc.id FROM "translation".text_content tc WHERE tc.original_text like 'tomato'));
INSERT INTO "translation"."translation" ("translation", text_content_id, language_id) VALUES('pomidor', (SELECT tc.id FROM "translation".text_content tc WHERE tc.original_text like 'tomato'), (SELECT l.id FROM "translation"."language" l WHERE l.iso_code LIKE 'pl'));
INSERT INTO "translation"."translation" ("translation", text_content_id, language_id) VALUES('tomate', (SELECT tc.id FROM "translation".text_content tc WHERE tc.original_text like 'tomato'), (SELECT l.id FROM "translation"."language" l WHERE l.iso_code LIKE 'de'));
INSERT INTO "translation"."translation" ("translation", text_content_id, language_id) VALUES('tomate', (SELECT tc.id FROM "translation".text_content tc WHERE tc.original_text like 'tomato'), (SELECT l.id FROM "translation"."language" l WHERE l.iso_code LIKE 'es'));
INSERT INTO "translation"."translation" ("translation", text_content_id, language_id) VALUES('pomodoro', (SELECT tc.id FROM "translation".text_content tc WHERE tc.original_text like 'tomato'), (SELECT l.id FROM "translation"."language" l WHERE l.iso_code LIKE 'it'));
INSERT INTO "translation".text_content (original_text, language_id) VALUES('cucumber', (SELECT l.id FROM "translation"."language" l WHERE l.iso_code LIKE 'en'));
INSERT INTO item.item ("name", text_content_id) VALUES('cucumber', (SELECT tc.id FROM "translation".text_content tc WHERE tc.original_text like 'cucumber'));
INSERT INTO "translation"."translation" ("translation", text_content_id, language_id) VALUES('ogórek', (SELECT tc.id FROM "translation".text_content tc WHERE tc.original_text like 'cucumber'), (SELECT l.id FROM "translation"."language" l WHERE l.iso_code LIKE 'pl'));
INSERT INTO "translation"."translation" ("translation", text_content_id, language_id) VALUES('gurke', (SELECT tc.id FROM "translation".text_content tc WHERE tc.original_text like 'cucumber'), (SELECT l.id FROM "translation"."language" l WHERE l.iso_code LIKE 'de'));
INSERT INTO "translation"."translation" ("translation", text_content_id, language_id) VALUES('pepino', (SELECT tc.id FROM "translation".text_content tc WHERE tc.original_text like 'cucumber'), (SELECT l.id FROM "translation"."language" l WHERE l.iso_code LIKE 'es'));
INSERT INTO "translation"."translation" ("translation", text_content_id, language_id) VALUES('cetriolo', (SELECT tc.id FROM "translation".text_content tc WHERE tc.original_text like 'cucumber'), (SELECT l.id FROM "translation"."language" l WHERE l.iso_code LIKE 'it'));
INSERT INTO "translation".text_content (original_text, language_id) VALUES('onion', (SELECT l.id FROM "translation"."language" l WHERE l.iso_code LIKE 'en'));
INSERT INTO item.item ("name", text_content_id) VALUES('onion', (SELECT tc.id FROM "translation".text_content tc WHERE tc.original_text like 'onion'));
INSERT INTO "translation"."translation" ("translation", text_content_id, language_id) VALUES('cebula', (SELECT tc.id FROM "translation".text_content tc WHERE tc.original_text like 'onion'), (SELECT l.id FROM "translation"."language" l WHERE l.iso_code LIKE 'pl'));
INSERT INTO "translation"."translation" ("translation", text_content_id, language_id) VALUES('zwiebel', (SELECT tc.id FROM "translation".text_content tc WHERE tc.original_text like 'onion'), (SELECT l.id FROM "translation"."language" l WHERE l.iso_code LIKE 'de'));
INSERT INTO "translation"."translation" ("translation", text_content_id, language_id) VALUES('cebolla', (SELECT tc.id FROM "translation".text_content tc WHERE tc.original_text like 'onion'), (SELECT l.id FROM "translation"."language" l WHERE l.iso_code LIKE 'es'));
INSERT INTO "translation"."translation" ("translation", text_content_id, language_id) VALUES('cipolla', (SELECT tc.id FROM "translation".text_content tc WHERE tc.original_text like 'onion'), (SELECT l.id FROM "translation"."language" l WHERE l.iso_code LIKE 'it'));
INSERT INTO "translation".text_content (original_text, language_id) VALUES('garlic', (SELECT l.id FROM "translation"."language" l WHERE l.iso_code LIKE 'en'));
INSERT INTO item.item ("name", text_content_id) VALUES('garlic', (SELECT tc.id FROM "translation".text_content tc WHERE tc.original_text like 'garlic'));
INSERT INTO "translation"."translation" ("translation", text_content_id, language_id) VALUES('czosnek', (SELECT tc.id FROM "translation".text_content tc WHERE tc.original_text like 'garlic'), (SELECT l.id FROM "translation"."language" l WHERE l.iso_code LIKE 'pl'));
INSERT INTO "translation"."translation" ("translation", text_content_id, language_id) VALUES('knoblauch', (SELECT tc.id FROM "translation".text_content tc WHERE tc.original_text like 'garlic'), (SELECT l.id FROM "translation"."language" l WHERE l.iso_code LIKE 'de'));
INSERT INTO "translation"."translation" ("translation", text_content_id, language_id) VALUES('ajo', (SELECT tc.id FROM "translation".text_content tc WHERE tc.original_text like 'garlic'), (SELECT l.id FROM "translation"."language" l WHERE l.iso_code LIKE 'es'));
INSERT INTO "translation"."translation" ("translation", text_content_id, language_id) VALUES('aglio', (SELECT tc.id FROM "translation".text_content tc WHERE tc.original_text like 'garlic'), (SELECT l.id FROM "translation"."language" l WHERE l.iso_code LIKE 'it'));
INSERT INTO "translation".text_content (original_text, language_id) VALUES('pepper', (SELECT l.id FROM "translation"."language" l WHERE l.iso_code LIKE 'en'));
INSERT INTO item.item ("name", text_content_id) VALUES('pepper', (SELECT tc.id FROM "translation".text_content tc WHERE tc.original_text like 'pepper'));
INSERT INTO "translation"."translation" ("translation", text_content_id, language_id) VALUES('papryka', (SELECT tc.id FROM "translation".text_content tc WHERE tc.original_text like 'pepper'), (SELECT l.id FROM "translation"."language" l WHERE l.iso_code LIKE 'pl'));
INSERT INTO "translation"."translation" ("translation", text_content_id, language_id) VALUES('paprika', (SELECT tc.id FROM "translation".text_content tc WHERE tc.original_text like 'pepper'), (SELECT l.id FROM "translation"."language" l WHERE l.iso_code LIKE 'de'));
INSERT INTO "translation"."translation" ("translation", text_content_id, language_id) VALUES('pimiento', (SELECT tc.id FROM "translation".text_content tc WHERE tc.original_text like 'pepper'), (SELECT l.id FROM "translation"."language" l WHERE l.iso_code LIKE 'es'));
INSERT INTO "translation"."translation" ("translation", text_content_id, language_id) VALUES('peperone', (SELECT tc.id FROM "translation".text_content tc WHERE tc.original_text like 'pepper'), (SELECT l.id FROM "translation"."language" l WHERE l.iso_code LIKE 'it'));
INSERT INTO "translation".text_content (original_text, language_id) VALUES('potato', (SELECT l.id FROM "translation"."language" l WHERE l.iso_code LIKE 'en'));
INSERT INTO item.item ("name", text_content_id) VALUES('potato', (SELECT tc.id FROM "translation".text_content tc WHERE tc.original_text like 'potato'));
INSERT INTO "translation"."translation" ("translation", text_content_id, language_id) VALUES('ziemniak', (SELECT tc.id FROM "translation".text_content tc WHERE tc.original_text like 'potato'), (SELECT l.id FROM "translation"."language" l WHERE l.iso_code LIKE 'pl'));
INSERT INTO "translation"."translation" ("translation", text_content_id, language_id) VALUES('kartoffel', (SELECT tc.id FROM "translation".text_content tc WHERE tc.original_text like 'potato'), (SELECT l.id FROM "translation"."language" l WHERE l.iso_code LIKE 'de'));
INSERT INTO "translation"."translation" ("translation", text_content_id, language_id) VALUES('papa', (SELECT tc.id FROM "translation".text_content tc WHERE tc.original_text like 'potato'), (SELECT l.id FROM "translation"."language" l WHERE l.iso_code LIKE 'es'));
INSERT INTO "translation"."translation" ("translation", text_content_id, language_id) VALUES('patata', (SELECT tc.id FROM "translation".text_content tc WHERE tc.original_text like 'potato'), (SELECT l.id FROM "translation"."language" l WHERE l.iso_code LIKE 'it'));
INSERT INTO "translation".text_content (original_text, language_id) VALUES('carrot', (SELECT l.id FROM "translation"."language" l WHERE l.iso_code LIKE 'en'));
INSERT INTO item.item ("name", text_content_id) VALUES('carrot', (SELECT tc.id FROM "translation".text_content tc WHERE tc.original_text like 'carrot'));
INSERT INTO "translation"."translation" ("translation", text_content_id, language_id) VALUES('marchew', (SELECT tc.id FROM "translation".text_content tc WHERE tc.original_text like 'carrot'), (SELECT l.id FROM "translation"."language" l WHERE l.iso_code LIKE 'pl'));
INSERT INTO "translation"."translation" ("translation", text_content_id, language_id) VALUES('karotte', (SELECT tc.id FROM "translation".text_content tc WHERE tc.original_text like 'carrot'), (SELECT l.id FROM "translation"."language" l WHERE l.iso_code LIKE 'de'));
INSERT INTO "translation"."translation" ("translation", text_content_id, language_id) VALUES('zanahoria', (SELECT tc.id FROM "translation".text_content tc WHERE tc.original_text like 'carrot'), (SELECT l.id FROM "translation"."language" l WHERE l.iso_code LIKE 'es'));
INSERT INTO "translation"."translation" ("translation", text_content_id, language_id) VALUES('carota', (SELECT tc.id FROM "translation".text_content tc WHERE tc.original_text like 'carrot'), (SELECT l.id FROM "translation"."language" l WHERE l.iso_code LIKE 'it'));
INSERT INTO "translation".text_content (original_text, language_id) VALUES('radish', (SELECT l.id FROM "translation"."language" l WHERE l.iso_code LIKE 'en'));
INSERT INTO item.item ("name", text_content_id) VALUES('radish', (SELECT tc.id FROM "translation".text_content tc WHERE tc.original_text like 'radish'));
INSERT INTO "translation"."translation" ("translation", text_content_id, language_id) VALUES('rzodkiewka', (SELECT tc.id FROM "translation".text_content tc WHERE tc.original_text like 'radish'), (SELECT l.id FROM "translation"."language" l WHERE l.iso_code LIKE 'pl'));
INSERT INTO "translation"."translation" ("translation", text_content_id, language_id) VALUES('radieschen', (SELECT tc.id FROM "translation".text_content tc WHERE tc.original_text like 'radish'), (SELECT l.id FROM "translation"."language" l WHERE l.iso_code LIKE 'de'));
INSERT INTO "translation"."translation" ("translation", text_content_id, language_id) VALUES('rabanito', (SELECT tc.id FROM "translation".text_content tc WHERE tc.original_text like 'radish'), (SELECT l.id FROM "translation"."language" l WHERE l.iso_code LIKE 'es'));
INSERT INTO "translation"."translation" ("translation", text_content_id, language_id) VALUES('ravanello', (SELECT tc.id FROM "translation".text_content tc WHERE tc.original_text like 'radish'), (SELECT l.id FROM "translation"."language" l WHERE l.iso_code LIKE 'it'));
INSERT INTO "translation".text_content (original_text, language_id) VALUES('lettuce', (SELECT l.id FROM "translation"."language" l WHERE l.iso_code LIKE 'en'));
INSERT INTO item.item ("name", text_content_id) VALUES('lettuce', (SELECT tc.id FROM "translation".text_content tc WHERE tc.original_text like 'lettuce'));
INSERT INTO "translation"."translation" ("translation", text_content_id, language_id) VALUES('sałata', (SELECT tc.id FROM "translation".text_content tc WHERE tc.original_text like 'lettuce'), (SELECT l.id FROM "translation"."language" l WHERE l.iso_code LIKE 'pl'));
INSERT INTO "translation"."translation" ("translation", text_content_id, language_id) VALUES('kopfsalat', (SELECT tc.id FROM "translation".text_content tc WHERE tc.original_text like 'lettuce'), (SELECT l.id FROM "translation"."language" l WHERE l.iso_code LIKE 'de'));
INSERT INTO "translation"."translation" ("translation", text_content_id, language_id) VALUES('lechuga', (SELECT tc.id FROM "translation".text_content tc WHERE tc.original_text like 'lettuce'), (SELECT l.id FROM "translation"."language" l WHERE l.iso_code LIKE 'es'));
INSERT INTO "translation"."translation" ("translation", text_content_id, language_id) VALUES('lattuga', (SELECT tc.id FROM "translation".text_content tc WHERE tc.original_text like 'lettuce'), (SELECT l.id FROM "translation"."language" l WHERE l.iso_code LIKE 'it'));
INSERT INTO "translation".text_content (original_text, language_id) VALUES('pickles', (SELECT l.id FROM "translation"."language" l WHERE l.iso_code LIKE 'en'));
INSERT INTO item.item ("name", text_content_id) VALUES('pickles', (SELECT tc.id FROM "translation".text_content tc WHERE tc.original_text like 'pickles'));
INSERT INTO "translation"."translation" ("translation", text_content_id, language_id) VALUES('ogórek kiszony', (SELECT tc.id FROM "translation".text_content tc WHERE tc.original_text like 'pickles'), (SELECT l.id FROM "translation"."language" l WHERE l.iso_code LIKE 'pl'));
INSERT INTO "translation"."translation" ("translation", text_content_id, language_id) VALUES('gurken eingelegt', (SELECT tc.id FROM "translation".text_content tc WHERE tc.original_text like 'pickles'), (SELECT l.id FROM "translation"."language" l WHERE l.iso_code LIKE 'de'));
INSERT INTO "translation"."translation" ("translation", text_content_id, language_id) VALUES('encurtidos', (SELECT tc.id FROM "translation".text_content tc WHERE tc.original_text like 'pickles'), (SELECT l.id FROM "translation"."language" l WHERE l.iso_code LIKE 'es'));
INSERT INTO "translation"."translation" ("translation", text_content_id, language_id) VALUES('sottaceti', (SELECT tc.id FROM "translation".text_content tc WHERE tc.original_text like 'pickles'), (SELECT l.id FROM "translation"."language" l WHERE l.iso_code LIKE 'it'));
INSERT INTO "translation".text_content (original_text, language_id) VALUES('cabbage', (SELECT l.id FROM "translation"."language" l WHERE l.iso_code LIKE 'en'));
INSERT INTO item.item ("name", text_content_id) VALUES('cabbage', (SELECT tc.id FROM "translation".text_content tc WHERE tc.original_text like 'cabbage'));
INSERT INTO "translation"."translation" ("translation", text_content_id, language_id) VALUES('kapusta', (SELECT tc.id FROM "translation".text_content tc WHERE tc.original_text like 'cabbage'), (SELECT l.id FROM "translation"."language" l WHERE l.iso_code LIKE 'pl'));
INSERT INTO "translation"."translation" ("translation", text_content_id, language_id) VALUES('kohl', (SELECT tc.id FROM "translation".text_content tc WHERE tc.original_text like 'cabbage'), (SELECT l.id FROM "translation"."language" l WHERE l.iso_code LIKE 'de'));
INSERT INTO "translation"."translation" ("translation", text_content_id, language_id) VALUES('col', (SELECT tc.id FROM "translation".text_content tc WHERE tc.original_text like 'cabbage'), (SELECT l.id FROM "translation"."language" l WHERE l.iso_code LIKE 'es'));
INSERT INTO "translation"."translation" ("translation", text_content_id, language_id) VALUES('cavolo', (SELECT tc.id FROM "translation".text_content tc WHERE tc.original_text like 'cabbage'), (SELECT l.id FROM "translation"."language" l WHERE l.iso_code LIKE 'it'));
INSERT INTO "translation".text_content (original_text, language_id) VALUES('milk', (SELECT l.id FROM "translation"."language" l WHERE l.iso_code LIKE 'en'));
INSERT INTO item.item ("name", text_content_id) VALUES('milk', (SELECT tc.id FROM "translation".text_content tc WHERE tc.original_text like 'milk'));
INSERT INTO "translation"."translation" ("translation", text_content_id, language_id) VALUES('mleko', (SELECT tc.id FROM "translation".text_content tc WHERE tc.original_text like 'milk'), (SELECT l.id FROM "translation"."language" l WHERE l.iso_code LIKE 'pl'));
INSERT INTO "translation"."translation" ("translation", text_content_id, language_id) VALUES('milch', (SELECT tc.id FROM "translation".text_content tc WHERE tc.original_text like 'milk'), (SELECT l.id FROM "translation"."language" l WHERE l.iso_code LIKE 'de'));
INSERT INTO "translation"."translation" ("translation", text_content_id, language_id) VALUES('leche', (SELECT tc.id FROM "translation".text_content tc WHERE tc.original_text like 'milk'), (SELECT l.id FROM "translation"."language" l WHERE l.iso_code LIKE 'es'));
INSERT INTO "translation"."translation" ("translation", text_content_id, language_id) VALUES('latte', (SELECT tc.id FROM "translation".text_content tc WHERE tc.original_text like 'milk'), (SELECT l.id FROM "translation"."language" l WHERE l.iso_code LIKE 'it'));
INSERT INTO "translation".text_content (original_text, language_id) VALUES('kefir', (SELECT l.id FROM "translation"."language" l WHERE l.iso_code LIKE 'en'));
INSERT INTO item.item ("name", text_content_id) VALUES('kefir', (SELECT tc.id FROM "translation".text_content tc WHERE tc.original_text like 'kefir'));
INSERT INTO "translation"."translation" ("translation", text_content_id, language_id) VALUES('kefir', (SELECT tc.id FROM "translation".text_content tc WHERE tc.original_text like 'kefir'), (SELECT l.id FROM "translation"."language" l WHERE l.iso_code LIKE 'pl'));
INSERT INTO "translation"."translation" ("translation", text_content_id, language_id) VALUES('kefir', (SELECT tc.id FROM "translation".text_content tc WHERE tc.original_text like 'kefir'), (SELECT l.id FROM "translation"."language" l WHERE l.iso_code LIKE 'de'));
INSERT INTO "translation"."translation" ("translation", text_content_id, language_id) VALUES('kefir', (SELECT tc.id FROM "translation".text_content tc WHERE tc.original_text like 'kefir'), (SELECT l.id FROM "translation"."language" l WHERE l.iso_code LIKE 'es'));
INSERT INTO "translation"."translation" ("translation", text_content_id, language_id) VALUES('kefir', (SELECT tc.id FROM "translation".text_content tc WHERE tc.original_text like 'kefir'), (SELECT l.id FROM "translation"."language" l WHERE l.iso_code LIKE 'it'));
INSERT INTO "translation".text_content (original_text, language_id) VALUES('yogurt', (SELECT l.id FROM "translation"."language" l WHERE l.iso_code LIKE 'en'));
INSERT INTO item.item ("name", text_content_id) VALUES('yogurt', (SELECT tc.id FROM "translation".text_content tc WHERE tc.original_text like 'yogurt'));
INSERT INTO "translation"."translation" ("translation", text_content_id, language_id) VALUES('jogurt', (SELECT tc.id FROM "translation".text_content tc WHERE tc.original_text like 'yogurt'), (SELECT l.id FROM "translation"."language" l WHERE l.iso_code LIKE 'pl'));
INSERT INTO "translation"."translation" ("translation", text_content_id, language_id) VALUES('joghurt', (SELECT tc.id FROM "translation".text_content tc WHERE tc.original_text like 'yogurt'), (SELECT l.id FROM "translation"."language" l WHERE l.iso_code LIKE 'de'));
INSERT INTO "translation"."translation" ("translation", text_content_id, language_id) VALUES('yogur', (SELECT tc.id FROM "translation".text_content tc WHERE tc.original_text like 'yogurt'), (SELECT l.id FROM "translation"."language" l WHERE l.iso_code LIKE 'es'));
INSERT INTO "translation"."translation" ("translation", text_content_id, language_id) VALUES('yogurt', (SELECT tc.id FROM "translation".text_content tc WHERE tc.original_text like 'yogurt'), (SELECT l.id FROM "translation"."language" l WHERE l.iso_code LIKE 'it'));
INSERT INTO "translation".text_content (original_text, language_id) VALUES('sour cream', (SELECT l.id FROM "translation"."language" l WHERE l.iso_code LIKE 'en'));
INSERT INTO item.item ("name", text_content_id) VALUES('sour cream', (SELECT tc.id FROM "translation".text_content tc WHERE tc.original_text like 'sour cream'));
INSERT INTO "translation"."translation" ("translation", text_content_id, language_id) VALUES('śmietana', (SELECT tc.id FROM "translation".text_content tc WHERE tc.original_text like 'sour cream'), (SELECT l.id FROM "translation"."language" l WHERE l.iso_code LIKE 'pl'));
INSERT INTO "translation"."translation" ("translation", text_content_id, language_id) VALUES('saure sahne', (SELECT tc.id FROM "translation".text_content tc WHERE tc.original_text like 'sour cream'), (SELECT l.id FROM "translation"."language" l WHERE l.iso_code LIKE 'de'));
INSERT INTO "translation"."translation" ("translation", text_content_id, language_id) VALUES('nata agria', (SELECT tc.id FROM "translation".text_content tc WHERE tc.original_text like 'sour cream'), (SELECT l.id FROM "translation"."language" l WHERE l.iso_code LIKE 'es'));
INSERT INTO "translation"."translation" ("translation", text_content_id, language_id) VALUES('panna acida', (SELECT tc.id FROM "translation".text_content tc WHERE tc.original_text like 'sour cream'), (SELECT l.id FROM "translation"."language" l WHERE l.iso_code LIKE 'it'));
INSERT INTO "translation".text_content (original_text, language_id) VALUES('feta cheese', (SELECT l.id FROM "translation"."language" l WHERE l.iso_code LIKE 'en'));
INSERT INTO item.item ("name", text_content_id) VALUES('feta cheese', (SELECT tc.id FROM "translation".text_content tc WHERE tc.original_text like 'feta cheese'));
INSERT INTO "translation"."translation" ("translation", text_content_id, language_id) VALUES('ser feta', (SELECT tc.id FROM "translation".text_content tc WHERE tc.original_text like 'feta cheese'), (SELECT l.id FROM "translation"."language" l WHERE l.iso_code LIKE 'pl'));
INSERT INTO "translation"."translation" ("translation", text_content_id, language_id) VALUES('feta-käse', (SELECT tc.id FROM "translation".text_content tc WHERE tc.original_text like 'feta cheese'), (SELECT l.id FROM "translation"."language" l WHERE l.iso_code LIKE 'de'));
INSERT INTO "translation"."translation" ("translation", text_content_id, language_id) VALUES('queso feta', (SELECT tc.id FROM "translation".text_content tc WHERE tc.original_text like 'feta cheese'), (SELECT l.id FROM "translation"."language" l WHERE l.iso_code LIKE 'es'));
INSERT INTO "translation"."translation" ("translation", text_content_id, language_id) VALUES('formaggio feta', (SELECT tc.id FROM "translation".text_content tc WHERE tc.original_text like 'feta cheese'), (SELECT l.id FROM "translation"."language" l WHERE l.iso_code LIKE 'it'));
INSERT INTO "translation".text_content (original_text, language_id) VALUES('poppy seed filling', (SELECT l.id FROM "translation"."language" l WHERE l.iso_code LIKE 'en'));
INSERT INTO item.item ("name", text_content_id) VALUES('poppy seed filling', (SELECT tc.id FROM "translation".text_content tc WHERE tc.original_text like 'poppy seed filling'));
INSERT INTO "translation"."translation" ("translation", text_content_id, language_id) VALUES('masa makowa', (SELECT tc.id FROM "translation".text_content tc WHERE tc.original_text like 'poppy seed filling'), (SELECT l.id FROM "translation"."language" l WHERE l.iso_code LIKE 'pl'));
INSERT INTO "translation"."translation" ("translation", text_content_id, language_id) VALUES('mohnfüllung', (SELECT tc.id FROM "translation".text_content tc WHERE tc.original_text like 'poppy seed filling'), (SELECT l.id FROM "translation"."language" l WHERE l.iso_code LIKE 'de'));
INSERT INTO "translation"."translation" ("translation", text_content_id, language_id) VALUES('relleno de semillas de amapola', (SELECT tc.id FROM "translation".text_content tc WHERE tc.original_text like 'poppy seed filling'), (SELECT l.id FROM "translation"."language" l WHERE l.iso_code LIKE 'es'));
INSERT INTO "translation"."translation" ("translation", text_content_id, language_id) VALUES('ripieno di semi di papavero', (SELECT tc.id FROM "translation".text_content tc WHERE tc.original_text like 'poppy seed filling'), (SELECT l.id FROM "translation"."language" l WHERE l.iso_code LIKE 'it'));
INSERT INTO "translation".text_content (original_text, language_id) VALUES('nougat filling', (SELECT l.id FROM "translation"."language" l WHERE l.iso_code LIKE 'en'));
INSERT INTO item.item ("name", text_content_id) VALUES('nougat filling', (SELECT tc.id FROM "translation".text_content tc WHERE tc.original_text like 'nougat filling'));
INSERT INTO "translation"."translation" ("translation", text_content_id, language_id) VALUES('masa orzechowa', (SELECT tc.id FROM "translation".text_content tc WHERE tc.original_text like 'nougat filling'), (SELECT l.id FROM "translation"."language" l WHERE l.iso_code LIKE 'pl'));
INSERT INTO "translation"."translation" ("translation", text_content_id, language_id) VALUES('nougatfüllung', (SELECT tc.id FROM "translation".text_content tc WHERE tc.original_text like 'nougat filling'), (SELECT l.id FROM "translation"."language" l WHERE l.iso_code LIKE 'de'));
INSERT INTO "translation"."translation" ("translation", text_content_id, language_id) VALUES('relleno de turrón', (SELECT tc.id FROM "translation".text_content tc WHERE tc.original_text like 'nougat filling'), (SELECT l.id FROM "translation"."language" l WHERE l.iso_code LIKE 'es'));
INSERT INTO "translation"."translation" ("translation", text_content_id, language_id) VALUES('ripieno di torrone', (SELECT tc.id FROM "translation".text_content tc WHERE tc.original_text like 'nougat filling'), (SELECT l.id FROM "translation"."language" l WHERE l.iso_code LIKE 'it'));
INSERT INTO "translation".text_content (original_text, language_id) VALUES('honey', (SELECT l.id FROM "translation"."language" l WHERE l.iso_code LIKE 'en'));
INSERT INTO item.item ("name", text_content_id) VALUES('honey', (SELECT tc.id FROM "translation".text_content tc WHERE tc.original_text like 'honey'));
INSERT INTO "translation"."translation" ("translation", text_content_id, language_id) VALUES('miód', (SELECT tc.id FROM "translation".text_content tc WHERE tc.original_text like 'honey'), (SELECT l.id FROM "translation"."language" l WHERE l.iso_code LIKE 'pl'));
INSERT INTO "translation"."translation" ("translation", text_content_id, language_id) VALUES('honig', (SELECT tc.id FROM "translation".text_content tc WHERE tc.original_text like 'honey'), (SELECT l.id FROM "translation"."language" l WHERE l.iso_code LIKE 'de'));
INSERT INTO "translation"."translation" ("translation", text_content_id, language_id) VALUES('miel', (SELECT tc.id FROM "translation".text_content tc WHERE tc.original_text like 'honey'), (SELECT l.id FROM "translation"."language" l WHERE l.iso_code LIKE 'es'));
INSERT INTO "translation"."translation" ("translation", text_content_id, language_id) VALUES('miele', (SELECT tc.id FROM "translation".text_content tc WHERE tc.original_text like 'honey'), (SELECT l.id FROM "translation"."language" l WHERE l.iso_code LIKE 'it'));
INSERT INTO "translation".text_content (original_text, language_id) VALUES('jam', (SELECT l.id FROM "translation"."language" l WHERE l.iso_code LIKE 'en'));
INSERT INTO item.item ("name", text_content_id) VALUES('jam', (SELECT tc.id FROM "translation".text_content tc WHERE tc.original_text like 'jam'));
INSERT INTO "translation"."translation" ("translation", text_content_id, language_id) VALUES('dżem', (SELECT tc.id FROM "translation".text_content tc WHERE tc.original_text like 'jam'), (SELECT l.id FROM "translation"."language" l WHERE l.iso_code LIKE 'pl'));
INSERT INTO "translation"."translation" ("translation", text_content_id, language_id) VALUES('marmelade', (SELECT tc.id FROM "translation".text_content tc WHERE tc.original_text like 'jam'), (SELECT l.id FROM "translation"."language" l WHERE l.iso_code LIKE 'de'));
INSERT INTO "translation"."translation" ("translation", text_content_id, language_id) VALUES('mermelada', (SELECT tc.id FROM "translation".text_content tc WHERE tc.original_text like 'jam'), (SELECT l.id FROM "translation"."language" l WHERE l.iso_code LIKE 'es'));
INSERT INTO "translation"."translation" ("translation", text_content_id, language_id) VALUES('marmellata', (SELECT tc.id FROM "translation".text_content tc WHERE tc.original_text like 'jam'), (SELECT l.id FROM "translation"."language" l WHERE l.iso_code LIKE 'it'));
INSERT INTO "translation".text_content (original_text, language_id) VALUES('tea', (SELECT l.id FROM "translation"."language" l WHERE l.iso_code LIKE 'en'));
INSERT INTO item.item ("name", text_content_id) VALUES('tea', (SELECT tc.id FROM "translation".text_content tc WHERE tc.original_text like 'tea'));
INSERT INTO "translation"."translation" ("translation", text_content_id, language_id) VALUES('herbata', (SELECT tc.id FROM "translation".text_content tc WHERE tc.original_text like 'tea'), (SELECT l.id FROM "translation"."language" l WHERE l.iso_code LIKE 'pl'));
INSERT INTO "translation"."translation" ("translation", text_content_id, language_id) VALUES('tee', (SELECT tc.id FROM "translation".text_content tc WHERE tc.original_text like 'tea'), (SELECT l.id FROM "translation"."language" l WHERE l.iso_code LIKE 'de'));
INSERT INTO "translation"."translation" ("translation", text_content_id, language_id) VALUES('té', (SELECT tc.id FROM "translation".text_content tc WHERE tc.original_text like 'tea'), (SELECT l.id FROM "translation"."language" l WHERE l.iso_code LIKE 'es'));
INSERT INTO "translation"."translation" ("translation", text_content_id, language_id) VALUES('te', (SELECT tc.id FROM "translation".text_content tc WHERE tc.original_text like 'tea'), (SELECT l.id FROM "translation"."language" l WHERE l.iso_code LIKE 'it'));
INSERT INTO "translation".text_content (original_text, language_id) VALUES('coffee', (SELECT l.id FROM "translation"."language" l WHERE l.iso_code LIKE 'en'));
INSERT INTO item.item ("name", text_content_id) VALUES('coffee', (SELECT tc.id FROM "translation".text_content tc WHERE tc.original_text like 'coffee'));
INSERT INTO "translation"."translation" ("translation", text_content_id, language_id) VALUES('kawa', (SELECT tc.id FROM "translation".text_content tc WHERE tc.original_text like 'coffee'), (SELECT l.id FROM "translation"."language" l WHERE l.iso_code LIKE 'pl'));
INSERT INTO "translation"."translation" ("translation", text_content_id, language_id) VALUES('kaffee', (SELECT tc.id FROM "translation".text_content tc WHERE tc.original_text like 'coffee'), (SELECT l.id FROM "translation"."language" l WHERE l.iso_code LIKE 'de'));
INSERT INTO "translation"."translation" ("translation", text_content_id, language_id) VALUES('café', (SELECT tc.id FROM "translation".text_content tc WHERE tc.original_text like 'coffee'), (SELECT l.id FROM "translation"."language" l WHERE l.iso_code LIKE 'es'));
INSERT INTO "translation"."translation" ("translation", text_content_id, language_id) VALUES('caffè', (SELECT tc.id FROM "translation".text_content tc WHERE tc.original_text like 'coffee'), (SELECT l.id FROM "translation"."language" l WHERE l.iso_code LIKE 'it'));
INSERT INTO "translation".text_content (original_text, language_id) VALUES('apple juice', (SELECT l.id FROM "translation"."language" l WHERE l.iso_code LIKE 'en'));
INSERT INTO item.item ("name", text_content_id) VALUES('apple juice', (SELECT tc.id FROM "translation".text_content tc WHERE tc.original_text like 'apple juice'));
INSERT INTO "translation"."translation" ("translation", text_content_id, language_id) VALUES('sok jabłkowy', (SELECT tc.id FROM "translation".text_content tc WHERE tc.original_text like 'apple juice'), (SELECT l.id FROM "translation"."language" l WHERE l.iso_code LIKE 'pl'));
INSERT INTO "translation"."translation" ("translation", text_content_id, language_id) VALUES('apfelsaft', (SELECT tc.id FROM "translation".text_content tc WHERE tc.original_text like 'apple juice'), (SELECT l.id FROM "translation"."language" l WHERE l.iso_code LIKE 'de'));
INSERT INTO "translation"."translation" ("translation", text_content_id, language_id) VALUES('zumo de manzana', (SELECT tc.id FROM "translation".text_content tc WHERE tc.original_text like 'apple juice'), (SELECT l.id FROM "translation"."language" l WHERE l.iso_code LIKE 'es'));
INSERT INTO "translation"."translation" ("translation", text_content_id, language_id) VALUES('succo di mela', (SELECT tc.id FROM "translation".text_content tc WHERE tc.original_text like 'apple juice'), (SELECT l.id FROM "translation"."language" l WHERE l.iso_code LIKE 'it'));
INSERT INTO "translation".text_content (original_text, language_id) VALUES('orange juice', (SELECT l.id FROM "translation"."language" l WHERE l.iso_code LIKE 'en'));
INSERT INTO item.item ("name", text_content_id) VALUES('orange juice', (SELECT tc.id FROM "translation".text_content tc WHERE tc.original_text like 'orange juice'));
INSERT INTO "translation"."translation" ("translation", text_content_id, language_id) VALUES('sok pomarańczowy', (SELECT tc.id FROM "translation".text_content tc WHERE tc.original_text like 'orange juice'), (SELECT l.id FROM "translation"."language" l WHERE l.iso_code LIKE 'pl'));
INSERT INTO "translation"."translation" ("translation", text_content_id, language_id) VALUES('orangensaft', (SELECT tc.id FROM "translation".text_content tc WHERE tc.original_text like 'orange juice'), (SELECT l.id FROM "translation"."language" l WHERE l.iso_code LIKE 'de'));
INSERT INTO "translation"."translation" ("translation", text_content_id, language_id) VALUES('zumo de naranja', (SELECT tc.id FROM "translation".text_content tc WHERE tc.original_text like 'orange juice'), (SELECT l.id FROM "translation"."language" l WHERE l.iso_code LIKE 'es'));
INSERT INTO "translation"."translation" ("translation", text_content_id, language_id) VALUES('succo di arancia', (SELECT tc.id FROM "translation".text_content tc WHERE tc.original_text like 'orange juice'), (SELECT l.id FROM "translation"."language" l WHERE l.iso_code LIKE 'it'));
INSERT INTO "translation".text_content (original_text, language_id) VALUES('laptop', (SELECT l.id FROM "translation"."language" l WHERE l.iso_code LIKE 'en'));
INSERT INTO item.item ("name", text_content_id) VALUES('laptop', (SELECT tc.id FROM "translation".text_content tc WHERE tc.original_text like 'laptop'));
INSERT INTO "translation"."translation" ("translation", text_content_id, language_id) VALUES('laptop', (SELECT tc.id FROM "translation".text_content tc WHERE tc.original_text like 'laptop'), (SELECT l.id FROM "translation"."language" l WHERE l.iso_code LIKE 'pl'));
INSERT INTO "translation"."translation" ("translation", text_content_id, language_id) VALUES('laptop', (SELECT tc.id FROM "translation".text_content tc WHERE tc.original_text like 'laptop'), (SELECT l.id FROM "translation"."language" l WHERE l.iso_code LIKE 'de'));
INSERT INTO "translation"."translation" ("translation", text_content_id, language_id) VALUES('portátil', (SELECT tc.id FROM "translation".text_content tc WHERE tc.original_text like 'laptop'), (SELECT l.id FROM "translation"."language" l WHERE l.iso_code LIKE 'es'));
INSERT INTO "translation"."translation" ("translation", text_content_id, language_id) VALUES('laptop', (SELECT tc.id FROM "translation".text_content tc WHERE tc.original_text like 'laptop'), (SELECT l.id FROM "translation"."language" l WHERE l.iso_code LIKE 'it'));
INSERT INTO "translation".text_content (original_text, language_id) VALUES('smartphone', (SELECT l.id FROM "translation"."language" l WHERE l.iso_code LIKE 'en'));
INSERT INTO item.item ("name", text_content_id) VALUES('smartphone', (SELECT tc.id FROM "translation".text_content tc WHERE tc.original_text like 'smartphone'));
INSERT INTO "translation"."translation" ("translation", text_content_id, language_id) VALUES('smartfon', (SELECT tc.id FROM "translation".text_content tc WHERE tc.original_text like 'smartphone'), (SELECT l.id FROM "translation"."language" l WHERE l.iso_code LIKE 'pl'));
INSERT INTO "translation"."translation" ("translation", text_content_id, language_id) VALUES('smartphone', (SELECT tc.id FROM "translation".text_content tc WHERE tc.original_text like 'smartphone'), (SELECT l.id FROM "translation"."language" l WHERE l.iso_code LIKE 'de'));
INSERT INTO "translation"."translation" ("translation", text_content_id, language_id) VALUES('teléfono inteligente', (SELECT tc.id FROM "translation".text_content tc WHERE tc.original_text like 'smartphone'), (SELECT l.id FROM "translation"."language" l WHERE l.iso_code LIKE 'es'));
INSERT INTO "translation"."translation" ("translation", text_content_id, language_id) VALUES('smartphone', (SELECT tc.id FROM "translation".text_content tc WHERE tc.original_text like 'smartphone'), (SELECT l.id FROM "translation"."language" l WHERE l.iso_code LIKE 'it'));
INSERT INTO "translation".text_content (original_text, language_id) VALUES('television', (SELECT l.id FROM "translation"."language" l WHERE l.iso_code LIKE 'en'));
INSERT INTO item.item ("name", text_content_id) VALUES('television', (SELECT tc.id FROM "translation".text_content tc WHERE tc.original_text like 'television'));
INSERT INTO "translation"."translation" ("translation", text_content_id, language_id) VALUES('telewizor', (SELECT tc.id FROM "translation".text_content tc WHERE tc.original_text like 'television'), (SELECT l.id FROM "translation"."language" l WHERE l.iso_code LIKE 'pl'));
INSERT INTO "translation"."translation" ("translation", text_content_id, language_id) VALUES('fernseher', (SELECT tc.id FROM "translation".text_content tc WHERE tc.original_text like 'television'), (SELECT l.id FROM "translation"."language" l WHERE l.iso_code LIKE 'de'));
INSERT INTO "translation"."translation" ("translation", text_content_id, language_id) VALUES('televisión', (SELECT tc.id FROM "translation".text_content tc WHERE tc.original_text like 'television'), (SELECT l.id FROM "translation"."language" l WHERE l.iso_code LIKE 'es'));
INSERT INTO "translation"."translation" ("translation", text_content_id, language_id) VALUES('televisione', (SELECT tc.id FROM "translation".text_content tc WHERE tc.original_text like 'television'), (SELECT l.id FROM "translation"."language" l WHERE l.iso_code LIKE 'it'));
INSERT INTO "translation".text_content (original_text, language_id) VALUES('game console', (SELECT l.id FROM "translation"."language" l WHERE l.iso_code LIKE 'en'));
INSERT INTO item.item ("name", text_content_id) VALUES('game console', (SELECT tc.id FROM "translation".text_content tc WHERE tc.original_text like 'game console'));
INSERT INTO "translation"."translation" ("translation", text_content_id, language_id) VALUES('konsola do gier', (SELECT tc.id FROM "translation".text_content tc WHERE tc.original_text like 'game console'), (SELECT l.id FROM "translation"."language" l WHERE l.iso_code LIKE 'pl'));
INSERT INTO "translation"."translation" ("translation", text_content_id, language_id) VALUES('spielkonsole', (SELECT tc.id FROM "translation".text_content tc WHERE tc.original_text like 'game console'), (SELECT l.id FROM "translation"."language" l WHERE l.iso_code LIKE 'de'));
INSERT INTO "translation"."translation" ("translation", text_content_id, language_id) VALUES('consola de juegos', (SELECT tc.id FROM "translation".text_content tc WHERE tc.original_text like 'game console'), (SELECT l.id FROM "translation"."language" l WHERE l.iso_code LIKE 'es'));
INSERT INTO "translation"."translation" ("translation", text_content_id, language_id) VALUES('console di gioco', (SELECT tc.id FROM "translation".text_content tc WHERE tc.original_text like 'game console'), (SELECT l.id FROM "translation"."language" l WHERE l.iso_code LIKE 'it'));
INSERT INTO "translation".text_content (original_text, language_id) VALUES('book', (SELECT l.id FROM "translation"."language" l WHERE l.iso_code LIKE 'en'));
INSERT INTO item.item ("name", text_content_id) VALUES('book', (SELECT tc.id FROM "translation".text_content tc WHERE tc.original_text like 'book'));
INSERT INTO "translation"."translation" ("translation", text_content_id, language_id) VALUES('książka', (SELECT tc.id FROM "translation".text_content tc WHERE tc.original_text like 'book'), (SELECT l.id FROM "translation"."language" l WHERE l.iso_code LIKE 'pl'));
INSERT INTO "translation"."translation" ("translation", text_content_id, language_id) VALUES('buch', (SELECT tc.id FROM "translation".text_content tc WHERE tc.original_text like 'book'), (SELECT l.id FROM "translation"."language" l WHERE l.iso_code LIKE 'de'));
INSERT INTO "translation"."translation" ("translation", text_content_id, language_id) VALUES('libro', (SELECT tc.id FROM "translation".text_content tc WHERE tc.original_text like 'book'), (SELECT l.id FROM "translation"."language" l WHERE l.iso_code LIKE 'es'));
INSERT INTO "translation"."translation" ("translation", text_content_id, language_id) VALUES('libro', (SELECT tc.id FROM "translation".text_content tc WHERE tc.original_text like 'book'), (SELECT l.id FROM "translation"."language" l WHERE l.iso_code LIKE 'it'));
INSERT INTO "translation".text_content (original_text, language_id) VALUES('computer', (SELECT l.id FROM "translation"."language" l WHERE l.iso_code LIKE 'en'));
INSERT INTO item.item ("name", text_content_id) VALUES('computer', (SELECT tc.id FROM "translation".text_content tc WHERE tc.original_text like 'computer'));
INSERT INTO "translation"."translation" ("translation", text_content_id, language_id) VALUES('komputer', (SELECT tc.id FROM "translation".text_content tc WHERE tc.original_text like 'computer'), (SELECT l.id FROM "translation"."language" l WHERE l.iso_code LIKE 'pl'));
INSERT INTO "translation"."translation" ("translation", text_content_id, language_id) VALUES('computer', (SELECT tc.id FROM "translation".text_content tc WHERE tc.original_text like 'computer'), (SELECT l.id FROM "translation"."language" l WHERE l.iso_code LIKE 'de'));
INSERT INTO "translation"."translation" ("translation", text_content_id, language_id) VALUES('ordenador', (SELECT tc.id FROM "translation".text_content tc WHERE tc.original_text like 'computer'), (SELECT l.id FROM "translation"."language" l WHERE l.iso_code LIKE 'es'));
INSERT INTO "translation"."translation" ("translation", text_content_id, language_id) VALUES('computer', (SELECT tc.id FROM "translation".text_content tc WHERE tc.original_text like 'computer'), (SELECT l.id FROM "translation"."language" l WHERE l.iso_code LIKE 'it'));
INSERT INTO "translation".text_content (original_text, language_id) VALUES('computer mouse', (SELECT l.id FROM "translation"."language" l WHERE l.iso_code LIKE 'en'));
INSERT INTO item.item ("name", text_content_id) VALUES('computer mouse', (SELECT tc.id FROM "translation".text_content tc WHERE tc.original_text like 'computer mouse'));
INSERT INTO "translation"."translation" ("translation", text_content_id, language_id) VALUES('myszka komputerowa', (SELECT tc.id FROM "translation".text_content tc WHERE tc.original_text like 'computer mouse'), (SELECT l.id FROM "translation"."language" l WHERE l.iso_code LIKE 'pl'));
INSERT INTO "translation"."translation" ("translation", text_content_id, language_id) VALUES('computermaus', (SELECT tc.id FROM "translation".text_content tc WHERE tc.original_text like 'computer mouse'), (SELECT l.id FROM "translation"."language" l WHERE l.iso_code LIKE 'de'));
INSERT INTO "translation"."translation" ("translation", text_content_id, language_id) VALUES('ratón de ordenador', (SELECT tc.id FROM "translation".text_content tc WHERE tc.original_text like 'computer mouse'), (SELECT l.id FROM "translation"."language" l WHERE l.iso_code LIKE 'es'));
INSERT INTO "translation"."translation" ("translation", text_content_id, language_id) VALUES('mouse per computer', (SELECT tc.id FROM "translation".text_content tc WHERE tc.original_text like 'computer mouse'), (SELECT l.id FROM "translation"."language" l WHERE l.iso_code LIKE 'it'));
INSERT INTO "translation".text_content (original_text, language_id) VALUES('keyboard', (SELECT l.id FROM "translation"."language" l WHERE l.iso_code LIKE 'en'));
INSERT INTO item.item ("name", text_content_id) VALUES('keyboard', (SELECT tc.id FROM "translation".text_content tc WHERE tc.original_text like 'keyboard'));
INSERT INTO "translation"."translation" ("translation", text_content_id, language_id) VALUES('klawiatura', (SELECT tc.id FROM "translation".text_content tc WHERE tc.original_text like 'keyboard'), (SELECT l.id FROM "translation"."language" l WHERE l.iso_code LIKE 'pl'));
INSERT INTO "translation"."translation" ("translation", text_content_id, language_id) VALUES('tastatur', (SELECT tc.id FROM "translation".text_content tc WHERE tc.original_text like 'keyboard'), (SELECT l.id FROM "translation"."language" l WHERE l.iso_code LIKE 'de'));
INSERT INTO "translation"."translation" ("translation", text_content_id, language_id) VALUES('teclado', (SELECT tc.id FROM "translation".text_content tc WHERE tc.original_text like 'keyboard'), (SELECT l.id FROM "translation"."language" l WHERE l.iso_code LIKE 'es'));
INSERT INTO "translation"."translation" ("translation", text_content_id, language_id) VALUES('tastiera', (SELECT tc.id FROM "translation".text_content tc WHERE tc.original_text like 'keyboard'), (SELECT l.id FROM "translation"."language" l WHERE l.iso_code LIKE 'it'));
INSERT INTO "translation".text_content (original_text, language_id) VALUES('speakers', (SELECT l.id FROM "translation"."language" l WHERE l.iso_code LIKE 'en'));
INSERT INTO item.item ("name", text_content_id) VALUES('speakers', (SELECT tc.id FROM "translation".text_content tc WHERE tc.original_text like 'speakers'));
INSERT INTO "translation"."translation" ("translation", text_content_id, language_id) VALUES('głośniki', (SELECT tc.id FROM "translation".text_content tc WHERE tc.original_text like 'speakers'), (SELECT l.id FROM "translation"."language" l WHERE l.iso_code LIKE 'pl'));
INSERT INTO "translation"."translation" ("translation", text_content_id, language_id) VALUES('lautsprecher', (SELECT tc.id FROM "translation".text_content tc WHERE tc.original_text like 'speakers'), (SELECT l.id FROM "translation"."language" l WHERE l.iso_code LIKE 'de'));
INSERT INTO "translation"."translation" ("translation", text_content_id, language_id) VALUES('altavoces', (SELECT tc.id FROM "translation".text_content tc WHERE tc.original_text like 'speakers'), (SELECT l.id FROM "translation"."language" l WHERE l.iso_code LIKE 'es'));
INSERT INTO "translation"."translation" ("translation", text_content_id, language_id) VALUES('altoparlanti', (SELECT tc.id FROM "translation".text_content tc WHERE tc.original_text like 'speakers'), (SELECT l.id FROM "translation"."language" l WHERE l.iso_code LIKE 'it'));
INSERT INTO "translation".text_content (original_text, language_id) VALUES('microphone', (SELECT l.id FROM "translation"."language" l WHERE l.iso_code LIKE 'en'));
INSERT INTO item.item ("name", text_content_id) VALUES('microphone', (SELECT tc.id FROM "translation".text_content tc WHERE tc.original_text like 'microphone'));
INSERT INTO "translation"."translation" ("translation", text_content_id, language_id) VALUES('mikrofon', (SELECT tc.id FROM "translation".text_content tc WHERE tc.original_text like 'microphone'), (SELECT l.id FROM "translation"."language" l WHERE l.iso_code LIKE 'pl'));
INSERT INTO "translation"."translation" ("translation", text_content_id, language_id) VALUES('mikrofon', (SELECT tc.id FROM "translation".text_content tc WHERE tc.original_text like 'microphone'), (SELECT l.id FROM "translation"."language" l WHERE l.iso_code LIKE 'de'));
INSERT INTO "translation"."translation" ("translation", text_content_id, language_id) VALUES('micrófono', (SELECT tc.id FROM "translation".text_content tc WHERE tc.original_text like 'microphone'), (SELECT l.id FROM "translation"."language" l WHERE l.iso_code LIKE 'es'));
INSERT INTO "translation"."translation" ("translation", text_content_id, language_id) VALUES('microfono', (SELECT tc.id FROM "translation".text_content tc WHERE tc.original_text like 'microphone'), (SELECT l.id FROM "translation"."language" l WHERE l.iso_code LIKE 'it'));
INSERT INTO "translation".text_content (original_text, language_id) VALUES('camera', (SELECT l.id FROM "translation"."language" l WHERE l.iso_code LIKE 'en'));
INSERT INTO item.item ("name", text_content_id) VALUES('camera', (SELECT tc.id FROM "translation".text_content tc WHERE tc.original_text like 'camera'));
INSERT INTO "translation"."translation" ("translation", text_content_id, language_id) VALUES('aparat fotograficzny', (SELECT tc.id FROM "translation".text_content tc WHERE tc.original_text like 'camera'), (SELECT l.id FROM "translation"."language" l WHERE l.iso_code LIKE 'pl'));
INSERT INTO "translation"."translation" ("translation", text_content_id, language_id) VALUES('kamera', (SELECT tc.id FROM "translation".text_content tc WHERE tc.original_text like 'camera'), (SELECT l.id FROM "translation"."language" l WHERE l.iso_code LIKE 'de'));
INSERT INTO "translation"."translation" ("translation", text_content_id, language_id) VALUES('cámara', (SELECT tc.id FROM "translation".text_content tc WHERE tc.original_text like 'camera'), (SELECT l.id FROM "translation"."language" l WHERE l.iso_code LIKE 'es'));
INSERT INTO "translation"."translation" ("translation", text_content_id, language_id) VALUES('macchina fotografica', (SELECT tc.id FROM "translation".text_content tc WHERE tc.original_text like 'camera'), (SELECT l.id FROM "translation"."language" l WHERE l.iso_code LIKE 'it'));
INSERT INTO "translation".text_content (original_text, language_id) VALUES('sports camera', (SELECT l.id FROM "translation"."language" l WHERE l.iso_code LIKE 'en'));
INSERT INTO item.item ("name", text_content_id) VALUES('sports camera', (SELECT tc.id FROM "translation".text_content tc WHERE tc.original_text like 'sports camera'));
INSERT INTO "translation"."translation" ("translation", text_content_id, language_id) VALUES('kamera sportowa', (SELECT tc.id FROM "translation".text_content tc WHERE tc.original_text like 'sports camera'), (SELECT l.id FROM "translation"."language" l WHERE l.iso_code LIKE 'pl'));
INSERT INTO "translation"."translation" ("translation", text_content_id, language_id) VALUES('sportkamera', (SELECT tc.id FROM "translation".text_content tc WHERE tc.original_text like 'sports camera'), (SELECT l.id FROM "translation"."language" l WHERE l.iso_code LIKE 'de'));
INSERT INTO "translation"."translation" ("translation", text_content_id, language_id) VALUES('cámara deportiva', (SELECT tc.id FROM "translation".text_content tc WHERE tc.original_text like 'sports camera'), (SELECT l.id FROM "translation"."language" l WHERE l.iso_code LIKE 'es'));
INSERT INTO "translation"."translation" ("translation", text_content_id, language_id) VALUES('videocamera sportiva', (SELECT tc.id FROM "translation".text_content tc WHERE tc.original_text like 'sports camera'), (SELECT l.id FROM "translation"."language" l WHERE l.iso_code LIKE 'it'));
INSERT INTO "translation".text_content (original_text, language_id) VALUES('bicycle', (SELECT l.id FROM "translation"."language" l WHERE l.iso_code LIKE 'en'));
INSERT INTO item.item ("name", text_content_id) VALUES('bicycle', (SELECT tc.id FROM "translation".text_content tc WHERE tc.original_text like 'bicycle'));
INSERT INTO "translation"."translation" ("translation", text_content_id, language_id) VALUES('rower', (SELECT tc.id FROM "translation".text_content tc WHERE tc.original_text like 'bicycle'), (SELECT l.id FROM "translation"."language" l WHERE l.iso_code LIKE 'pl'));
INSERT INTO "translation"."translation" ("translation", text_content_id, language_id) VALUES('fahrrad', (SELECT tc.id FROM "translation".text_content tc WHERE tc.original_text like 'bicycle'), (SELECT l.id FROM "translation"."language" l WHERE l.iso_code LIKE 'de'));
INSERT INTO "translation"."translation" ("translation", text_content_id, language_id) VALUES('bicicleta', (SELECT tc.id FROM "translation".text_content tc WHERE tc.original_text like 'bicycle'), (SELECT l.id FROM "translation"."language" l WHERE l.iso_code LIKE 'es'));
INSERT INTO "translation"."translation" ("translation", text_content_id, language_id) VALUES('bicicletta', (SELECT tc.id FROM "translation".text_content tc WHERE tc.original_text like 'bicycle'), (SELECT l.id FROM "translation"."language" l WHERE l.iso_code LIKE 'it'));
INSERT INTO "translation".text_content (original_text, language_id) VALUES('scooter', (SELECT l.id FROM "translation"."language" l WHERE l.iso_code LIKE 'en'));
INSERT INTO item.item ("name", text_content_id) VALUES('scooter', (SELECT tc.id FROM "translation".text_content tc WHERE tc.original_text like 'scooter'));
INSERT INTO "translation"."translation" ("translation", text_content_id, language_id) VALUES('skuter', (SELECT tc.id FROM "translation".text_content tc WHERE tc.original_text like 'scooter'), (SELECT l.id FROM "translation"."language" l WHERE l.iso_code LIKE 'pl'));
INSERT INTO "translation"."translation" ("translation", text_content_id, language_id) VALUES('roller', (SELECT tc.id FROM "translation".text_content tc WHERE tc.original_text like 'scooter'), (SELECT l.id FROM "translation"."language" l WHERE l.iso_code LIKE 'de'));
INSERT INTO "translation"."translation" ("translation", text_content_id, language_id) VALUES('patinete eléctrico', (SELECT tc.id FROM "translation".text_content tc WHERE tc.original_text like 'scooter'), (SELECT l.id FROM "translation"."language" l WHERE l.iso_code LIKE 'es'));
INSERT INTO "translation"."translation" ("translation", text_content_id, language_id) VALUES('motorino', (SELECT tc.id FROM "translation".text_content tc WHERE tc.original_text like 'scooter'), (SELECT l.id FROM "translation"."language" l WHERE l.iso_code LIKE 'it'));
INSERT INTO "translation".text_content (original_text, language_id) VALUES('car', (SELECT l.id FROM "translation"."language" l WHERE l.iso_code LIKE 'en'));
INSERT INTO item.item ("name", text_content_id) VALUES('car', (SELECT tc.id FROM "translation".text_content tc WHERE tc.original_text like 'car'));
INSERT INTO "translation"."translation" ("translation", text_content_id, language_id) VALUES('samochód', (SELECT tc.id FROM "translation".text_content tc WHERE tc.original_text like 'car'), (SELECT l.id FROM "translation"."language" l WHERE l.iso_code LIKE 'pl'));
INSERT INTO "translation"."translation" ("translation", text_content_id, language_id) VALUES('auto', (SELECT tc.id FROM "translation".text_content tc WHERE tc.original_text like 'car'), (SELECT l.id FROM "translation"."language" l WHERE l.iso_code LIKE 'de'));
INSERT INTO "translation"."translation" ("translation", text_content_id, language_id) VALUES('coche', (SELECT tc.id FROM "translation".text_content tc WHERE tc.original_text like 'car'), (SELECT l.id FROM "translation"."language" l WHERE l.iso_code LIKE 'es'));
INSERT INTO "translation"."translation" ("translation", text_content_id, language_id) VALUES('auto', (SELECT tc.id FROM "translation".text_content tc WHERE tc.original_text like 'car'), (SELECT l.id FROM "translation"."language" l WHERE l.iso_code LIKE 'it'));
INSERT INTO "translation".text_content (original_text, language_id) VALUES('motorcycle', (SELECT l.id FROM "translation"."language" l WHERE l.iso_code LIKE 'en'));
INSERT INTO item.item ("name", text_content_id) VALUES('motorcycle', (SELECT tc.id FROM "translation".text_content tc WHERE tc.original_text like 'motorcycle'));
INSERT INTO "translation"."translation" ("translation", text_content_id, language_id) VALUES('motocykl', (SELECT tc.id FROM "translation".text_content tc WHERE tc.original_text like 'motorcycle'), (SELECT l.id FROM "translation"."language" l WHERE l.iso_code LIKE 'pl'));
INSERT INTO "translation"."translation" ("translation", text_content_id, language_id) VALUES('motorrad', (SELECT tc.id FROM "translation".text_content tc WHERE tc.original_text like 'motorcycle'), (SELECT l.id FROM "translation"."language" l WHERE l.iso_code LIKE 'de'));
INSERT INTO "translation"."translation" ("translation", text_content_id, language_id) VALUES('moto', (SELECT tc.id FROM "translation".text_content tc WHERE tc.original_text like 'motorcycle'), (SELECT l.id FROM "translation"."language" l WHERE l.iso_code LIKE 'es'));
INSERT INTO "translation"."translation" ("translation", text_content_id, language_id) VALUES('moto', (SELECT tc.id FROM "translation".text_content tc WHERE tc.original_text like 'motorcycle'), (SELECT l.id FROM "translation"."language" l WHERE l.iso_code LIKE 'it'));
INSERT INTO "translation".text_content (original_text, language_id) VALUES('backpack', (SELECT l.id FROM "translation"."language" l WHERE l.iso_code LIKE 'en'));
INSERT INTO item.item ("name", text_content_id) VALUES('backpack', (SELECT tc.id FROM "translation".text_content tc WHERE tc.original_text like 'backpack'));
INSERT INTO "translation"."translation" ("translation", text_content_id, language_id) VALUES('plecak', (SELECT tc.id FROM "translation".text_content tc WHERE tc.original_text like 'backpack'), (SELECT l.id FROM "translation"."language" l WHERE l.iso_code LIKE 'pl'));
INSERT INTO "translation"."translation" ("translation", text_content_id, language_id) VALUES('rucksack', (SELECT tc.id FROM "translation".text_content tc WHERE tc.original_text like 'backpack'), (SELECT l.id FROM "translation"."language" l WHERE l.iso_code LIKE 'de'));
INSERT INTO "translation"."translation" ("translation", text_content_id, language_id) VALUES('mochila', (SELECT tc.id FROM "translation".text_content tc WHERE tc.original_text like 'backpack'), (SELECT l.id FROM "translation"."language" l WHERE l.iso_code LIKE 'es'));
INSERT INTO "translation"."translation" ("translation", text_content_id, language_id) VALUES('zaino', (SELECT tc.id FROM "translation".text_content tc WHERE tc.original_text like 'backpack'), (SELECT l.id FROM "translation"."language" l WHERE l.iso_code LIKE 'it'));
INSERT INTO "translation".text_content (original_text, language_id) VALUES('bag', (SELECT l.id FROM "translation"."language" l WHERE l.iso_code LIKE 'en'));
INSERT INTO item.item ("name", text_content_id) VALUES('bag', (SELECT tc.id FROM "translation".text_content tc WHERE tc.original_text like 'bag'));
INSERT INTO "translation"."translation" ("translation", text_content_id, language_id) VALUES('torba', (SELECT tc.id FROM "translation".text_content tc WHERE tc.original_text like 'bag'), (SELECT l.id FROM "translation"."language" l WHERE l.iso_code LIKE 'pl'));
INSERT INTO "translation"."translation" ("translation", text_content_id, language_id) VALUES('tasche', (SELECT tc.id FROM "translation".text_content tc WHERE tc.original_text like 'bag'), (SELECT l.id FROM "translation"."language" l WHERE l.iso_code LIKE 'de'));
INSERT INTO "translation"."translation" ("translation", text_content_id, language_id) VALUES('bolsa', (SELECT tc.id FROM "translation".text_content tc WHERE tc.original_text like 'bag'), (SELECT l.id FROM "translation"."language" l WHERE l.iso_code LIKE 'es'));
INSERT INTO "translation"."translation" ("translation", text_content_id, language_id) VALUES('borsa', (SELECT tc.id FROM "translation".text_content tc WHERE tc.original_text like 'bag'), (SELECT l.id FROM "translation"."language" l WHERE l.iso_code LIKE 'it'));
INSERT INTO "translation".text_content (original_text, language_id) VALUES('watch', (SELECT l.id FROM "translation"."language" l WHERE l.iso_code LIKE 'en'));
INSERT INTO item.item ("name", text_content_id) VALUES('watch', (SELECT tc.id FROM "translation".text_content tc WHERE tc.original_text like 'watch'));
INSERT INTO "translation"."translation" ("translation", text_content_id, language_id) VALUES('zegarek', (SELECT tc.id FROM "translation".text_content tc WHERE tc.original_text like 'watch'), (SELECT l.id FROM "translation"."language" l WHERE l.iso_code LIKE 'pl'));
INSERT INTO "translation"."translation" ("translation", text_content_id, language_id) VALUES('uhr', (SELECT tc.id FROM "translation".text_content tc WHERE tc.original_text like 'watch'), (SELECT l.id FROM "translation"."language" l WHERE l.iso_code LIKE 'de'));
INSERT INTO "translation"."translation" ("translation", text_content_id, language_id) VALUES('reloj', (SELECT tc.id FROM "translation".text_content tc WHERE tc.original_text like 'watch'), (SELECT l.id FROM "translation"."language" l WHERE l.iso_code LIKE 'es'));
INSERT INTO "translation"."translation" ("translation", text_content_id, language_id) VALUES('orologio', (SELECT tc.id FROM "translation".text_content tc WHERE tc.original_text like 'watch'), (SELECT l.id FROM "translation"."language" l WHERE l.iso_code LIKE 'it'));
INSERT INTO "translation".text_content (original_text, language_id) VALUES('glasses', (SELECT l.id FROM "translation"."language" l WHERE l.iso_code LIKE 'en'));
INSERT INTO item.item ("name", text_content_id) VALUES('glasses', (SELECT tc.id FROM "translation".text_content tc WHERE tc.original_text like 'glasses'));
INSERT INTO "translation"."translation" ("translation", text_content_id, language_id) VALUES('okulary', (SELECT tc.id FROM "translation".text_content tc WHERE tc.original_text like 'glasses'), (SELECT l.id FROM "translation"."language" l WHERE l.iso_code LIKE 'pl'));
INSERT INTO "translation"."translation" ("translation", text_content_id, language_id) VALUES('brille', (SELECT tc.id FROM "translation".text_content tc WHERE tc.original_text like 'glasses'), (SELECT l.id FROM "translation"."language" l WHERE l.iso_code LIKE 'de'));
INSERT INTO "translation"."translation" ("translation", text_content_id, language_id) VALUES('gafas', (SELECT tc.id FROM "translation".text_content tc WHERE tc.original_text like 'glasses'), (SELECT l.id FROM "translation"."language" l WHERE l.iso_code LIKE 'es'));
INSERT INTO "translation"."translation" ("translation", text_content_id, language_id) VALUES('occhiali', (SELECT tc.id FROM "translation".text_content tc WHERE tc.original_text like 'glasses'), (SELECT l.id FROM "translation"."language" l WHERE l.iso_code LIKE 'it'));
INSERT INTO "translation".text_content (original_text, language_id) VALUES('sneakers', (SELECT l.id FROM "translation"."language" l WHERE l.iso_code LIKE 'en'));
INSERT INTO item.item ("name", text_content_id) VALUES('sneakers', (SELECT tc.id FROM "translation".text_content tc WHERE tc.original_text like 'sneakers'));
INSERT INTO "translation"."translation" ("translation", text_content_id, language_id) VALUES('buty', (SELECT tc.id FROM "translation".text_content tc WHERE tc.original_text like 'sneakers'), (SELECT l.id FROM "translation"."language" l WHERE l.iso_code LIKE 'pl'));
INSERT INTO "translation"."translation" ("translation", text_content_id, language_id) VALUES('sneakers', (SELECT tc.id FROM "translation".text_content tc WHERE tc.original_text like 'sneakers'), (SELECT l.id FROM "translation"."language" l WHERE l.iso_code LIKE 'de'));
INSERT INTO "translation"."translation" ("translation", text_content_id, language_id) VALUES('zapatillas de deporte', (SELECT tc.id FROM "translation".text_content tc WHERE tc.original_text like 'sneakers'), (SELECT l.id FROM "translation"."language" l WHERE l.iso_code LIKE 'es'));
INSERT INTO "translation"."translation" ("translation", text_content_id, language_id) VALUES('scarpe da ginnastica', (SELECT tc.id FROM "translation".text_content tc WHERE tc.original_text like 'sneakers'), (SELECT l.id FROM "translation"."language" l WHERE l.iso_code LIKE 'it'));
INSERT INTO "translation".text_content (original_text, language_id) VALUES('hat', (SELECT l.id FROM "translation"."language" l WHERE l.iso_code LIKE 'en'));
INSERT INTO item.item ("name", text_content_id) VALUES('hat', (SELECT tc.id FROM "translation".text_content tc WHERE tc.original_text like 'hat'));
INSERT INTO "translation"."translation" ("translation", text_content_id, language_id) VALUES('kapelusz', (SELECT tc.id FROM "translation".text_content tc WHERE tc.original_text like 'hat'), (SELECT l.id FROM "translation"."language" l WHERE l.iso_code LIKE 'pl'));
INSERT INTO "translation"."translation" ("translation", text_content_id, language_id) VALUES('hut', (SELECT tc.id FROM "translation".text_content tc WHERE tc.original_text like 'hat'), (SELECT l.id FROM "translation"."language" l WHERE l.iso_code LIKE 'de'));
INSERT INTO "translation"."translation" ("translation", text_content_id, language_id) VALUES('sombrero', (SELECT tc.id FROM "translation".text_content tc WHERE tc.original_text like 'hat'), (SELECT l.id FROM "translation"."language" l WHERE l.iso_code LIKE 'es'));
INSERT INTO "translation"."translation" ("translation", text_content_id, language_id) VALUES('cappello', (SELECT tc.id FROM "translation".text_content tc WHERE tc.original_text like 'hat'), (SELECT l.id FROM "translation"."language" l WHERE l.iso_code LIKE 'it'));
INSERT INTO "translation".text_content (original_text, language_id) VALUES('cap', (SELECT l.id FROM "translation"."language" l WHERE l.iso_code LIKE 'en'));
INSERT INTO item.item ("name", text_content_id) VALUES('cap', (SELECT tc.id FROM "translation".text_content tc WHERE tc.original_text like 'cap'));
INSERT INTO "translation"."translation" ("translation", text_content_id, language_id) VALUES('czapka', (SELECT tc.id FROM "translation".text_content tc WHERE tc.original_text like 'cap'), (SELECT l.id FROM "translation"."language" l WHERE l.iso_code LIKE 'pl'));
INSERT INTO "translation"."translation" ("translation", text_content_id, language_id) VALUES('kappe', (SELECT tc.id FROM "translation".text_content tc WHERE tc.original_text like 'cap'), (SELECT l.id FROM "translation"."language" l WHERE l.iso_code LIKE 'de'));
INSERT INTO "translation"."translation" ("translation", text_content_id, language_id) VALUES('gorra', (SELECT tc.id FROM "translation".text_content tc WHERE tc.original_text like 'cap'), (SELECT l.id FROM "translation"."language" l WHERE l.iso_code LIKE 'es'));
INSERT INTO "translation"."translation" ("translation", text_content_id, language_id) VALUES('cappello di lana', (SELECT tc.id FROM "translation".text_content tc WHERE tc.original_text like 'cap'), (SELECT l.id FROM "translation"."language" l WHERE l.iso_code LIKE 'it'));
INSERT INTO "translation".text_content (original_text, language_id) VALUES('jacket', (SELECT l.id FROM "translation"."language" l WHERE l.iso_code LIKE 'en'));
INSERT INTO item.item ("name", text_content_id) VALUES('jacket', (SELECT tc.id FROM "translation".text_content tc WHERE tc.original_text like 'jacket'));
INSERT INTO "translation"."translation" ("translation", text_content_id, language_id) VALUES('kurtka', (SELECT tc.id FROM "translation".text_content tc WHERE tc.original_text like 'jacket'), (SELECT l.id FROM "translation"."language" l WHERE l.iso_code LIKE 'pl'));
INSERT INTO "translation"."translation" ("translation", text_content_id, language_id) VALUES('jacke', (SELECT tc.id FROM "translation".text_content tc WHERE tc.original_text like 'jacket'), (SELECT l.id FROM "translation"."language" l WHERE l.iso_code LIKE 'de'));
INSERT INTO "translation"."translation" ("translation", text_content_id, language_id) VALUES('chaqueta', (SELECT tc.id FROM "translation".text_content tc WHERE tc.original_text like 'jacket'), (SELECT l.id FROM "translation"."language" l WHERE l.iso_code LIKE 'es'));
INSERT INTO "translation"."translation" ("translation", text_content_id, language_id) VALUES('giacca', (SELECT tc.id FROM "translation".text_content tc WHERE tc.original_text like 'jacket'), (SELECT l.id FROM "translation"."language" l WHERE l.iso_code LIKE 'it'));
INSERT INTO "translation".text_content (original_text, language_id) VALUES('pants', (SELECT l.id FROM "translation"."language" l WHERE l.iso_code LIKE 'en'));
INSERT INTO item.item ("name", text_content_id) VALUES('pants', (SELECT tc.id FROM "translation".text_content tc WHERE tc.original_text like 'pants'));
INSERT INTO "translation"."translation" ("translation", text_content_id, language_id) VALUES('spodnie', (SELECT tc.id FROM "translation".text_content tc WHERE tc.original_text like 'pants'), (SELECT l.id FROM "translation"."language" l WHERE l.iso_code LIKE 'pl'));
INSERT INTO "translation"."translation" ("translation", text_content_id, language_id) VALUES('hose', (SELECT tc.id FROM "translation".text_content tc WHERE tc.original_text like 'pants'), (SELECT l.id FROM "translation"."language" l WHERE l.iso_code LIKE 'de'));
INSERT INTO "translation"."translation" ("translation", text_content_id, language_id) VALUES('pantalones', (SELECT tc.id FROM "translation".text_content tc WHERE tc.original_text like 'pants'), (SELECT l.id FROM "translation"."language" l WHERE l.iso_code LIKE 'es'));
INSERT INTO "translation"."translation" ("translation", text_content_id, language_id) VALUES('pantaloni', (SELECT tc.id FROM "translation".text_content tc WHERE tc.original_text like 'pants'), (SELECT l.id FROM "translation"."language" l WHERE l.iso_code LIKE 'it'));
INSERT INTO "translation".text_content (original_text, language_id) VALUES('shirt', (SELECT l.id FROM "translation"."language" l WHERE l.iso_code LIKE 'en'));
INSERT INTO item.item ("name", text_content_id) VALUES('shirt', (SELECT tc.id FROM "translation".text_content tc WHERE tc.original_text like 'shirt'));
INSERT INTO "translation"."translation" ("translation", text_content_id, language_id) VALUES('koszula', (SELECT tc.id FROM "translation".text_content tc WHERE tc.original_text like 'shirt'), (SELECT l.id FROM "translation"."language" l WHERE l.iso_code LIKE 'pl'));
INSERT INTO "translation"."translation" ("translation", text_content_id, language_id) VALUES('hemd', (SELECT tc.id FROM "translation".text_content tc WHERE tc.original_text like 'shirt'), (SELECT l.id FROM "translation"."language" l WHERE l.iso_code LIKE 'de'));
INSERT INTO "translation"."translation" ("translation", text_content_id, language_id) VALUES('camisa', (SELECT tc.id FROM "translation".text_content tc WHERE tc.original_text like 'shirt'), (SELECT l.id FROM "translation"."language" l WHERE l.iso_code LIKE 'es'));
INSERT INTO "translation"."translation" ("translation", text_content_id, language_id) VALUES('camicia', (SELECT tc.id FROM "translation".text_content tc WHERE tc.original_text like 'shirt'), (SELECT l.id FROM "translation"."language" l WHERE l.iso_code LIKE 'it'));
INSERT INTO "translation".text_content (original_text, language_id) VALUES('sweatshirt', (SELECT l.id FROM "translation"."language" l WHERE l.iso_code LIKE 'en'));
INSERT INTO item.item ("name", text_content_id) VALUES('sweatshirt', (SELECT tc.id FROM "translation".text_content tc WHERE tc.original_text like 'sweatshirt'));
INSERT INTO "translation"."translation" ("translation", text_content_id, language_id) VALUES('bluza', (SELECT tc.id FROM "translation".text_content tc WHERE tc.original_text like 'sweatshirt'), (SELECT l.id FROM "translation"."language" l WHERE l.iso_code LIKE 'pl'));
INSERT INTO "translation"."translation" ("translation", text_content_id, language_id) VALUES('sweatshirt', (SELECT tc.id FROM "translation".text_content tc WHERE tc.original_text like 'sweatshirt'), (SELECT l.id FROM "translation"."language" l WHERE l.iso_code LIKE 'de'));
INSERT INTO "translation"."translation" ("translation", text_content_id, language_id) VALUES('sudadera', (SELECT tc.id FROM "translation".text_content tc WHERE tc.original_text like 'sweatshirt'), (SELECT l.id FROM "translation"."language" l WHERE l.iso_code LIKE 'es'));
INSERT INTO "translation"."translation" ("translation", text_content_id, language_id) VALUES('felpa', (SELECT tc.id FROM "translation".text_content tc WHERE tc.original_text like 'sweatshirt'), (SELECT l.id FROM "translation"."language" l WHERE l.iso_code LIKE 'it'));
INSERT INTO "translation".text_content (original_text, language_id) VALUES('sweater', (SELECT l.id FROM "translation"."language" l WHERE l.iso_code LIKE 'en'));
INSERT INTO item.item ("name", text_content_id) VALUES('sweater', (SELECT tc.id FROM "translation".text_content tc WHERE tc.original_text like 'sweater'));
INSERT INTO "translation"."translation" ("translation", text_content_id, language_id) VALUES('sweter', (SELECT tc.id FROM "translation".text_content tc WHERE tc.original_text like 'sweater'), (SELECT l.id FROM "translation"."language" l WHERE l.iso_code LIKE 'pl'));
INSERT INTO "translation"."translation" ("translation", text_content_id, language_id) VALUES('pullover', (SELECT tc.id FROM "translation".text_content tc WHERE tc.original_text like 'sweater'), (SELECT l.id FROM "translation"."language" l WHERE l.iso_code LIKE 'de'));
INSERT INTO "translation"."translation" ("translation", text_content_id, language_id) VALUES('jersey', (SELECT tc.id FROM "translation".text_content tc WHERE tc.original_text like 'sweater'), (SELECT l.id FROM "translation"."language" l WHERE l.iso_code LIKE 'es'));
INSERT INTO "translation"."translation" ("translation", text_content_id, language_id) VALUES('maglione', (SELECT tc.id FROM "translation".text_content tc WHERE tc.original_text like 'sweater'), (SELECT l.id FROM "translation"."language" l WHERE l.iso_code LIKE 'it'));
INSERT INTO "translation".text_content (original_text, language_id) VALUES('blanket', (SELECT l.id FROM "translation"."language" l WHERE l.iso_code LIKE 'en'));
INSERT INTO item.item ("name", text_content_id) VALUES('blanket', (SELECT tc.id FROM "translation".text_content tc WHERE tc.original_text like 'blanket'));
INSERT INTO "translation"."translation" ("translation", text_content_id, language_id) VALUES('koc', (SELECT tc.id FROM "translation".text_content tc WHERE tc.original_text like 'blanket'), (SELECT l.id FROM "translation"."language" l WHERE l.iso_code LIKE 'pl'));
INSERT INTO "translation"."translation" ("translation", text_content_id, language_id) VALUES('decke', (SELECT tc.id FROM "translation".text_content tc WHERE tc.original_text like 'blanket'), (SELECT l.id FROM "translation"."language" l WHERE l.iso_code LIKE 'de'));
INSERT INTO "translation"."translation" ("translation", text_content_id, language_id) VALUES('manta', (SELECT tc.id FROM "translation".text_content tc WHERE tc.original_text like 'blanket'), (SELECT l.id FROM "translation"."language" l WHERE l.iso_code LIKE 'es'));
INSERT INTO "translation"."translation" ("translation", text_content_id, language_id) VALUES('coperta', (SELECT tc.id FROM "translation".text_content tc WHERE tc.original_text like 'blanket'), (SELECT l.id FROM "translation"."language" l WHERE l.iso_code LIKE 'it'));
INSERT INTO "translation".text_content (original_text, language_id) VALUES('pillow', (SELECT l.id FROM "translation"."language" l WHERE l.iso_code LIKE 'en'));
INSERT INTO item.item ("name", text_content_id) VALUES('pillow', (SELECT tc.id FROM "translation".text_content tc WHERE tc.original_text like 'pillow'));
INSERT INTO "translation"."translation" ("translation", text_content_id, language_id) VALUES('poduszka', (SELECT tc.id FROM "translation".text_content tc WHERE tc.original_text like 'pillow'), (SELECT l.id FROM "translation"."language" l WHERE l.iso_code LIKE 'pl'));
INSERT INTO "translation"."translation" ("translation", text_content_id, language_id) VALUES('kissen', (SELECT tc.id FROM "translation".text_content tc WHERE tc.original_text like 'pillow'), (SELECT l.id FROM "translation"."language" l WHERE l.iso_code LIKE 'de'));
INSERT INTO "translation"."translation" ("translation", text_content_id, language_id) VALUES('almohada', (SELECT tc.id FROM "translation".text_content tc WHERE tc.original_text like 'pillow'), (SELECT l.id FROM "translation"."language" l WHERE l.iso_code LIKE 'es'));
INSERT INTO "translation"."translation" ("translation", text_content_id, language_id) VALUES('cuscino', (SELECT tc.id FROM "translation".text_content tc WHERE tc.original_text like 'pillow'), (SELECT l.id FROM "translation"."language" l WHERE l.iso_code LIKE 'it'));
INSERT INTO "translation".text_content (original_text, language_id) VALUES('curtain', (SELECT l.id FROM "translation"."language" l WHERE l.iso_code LIKE 'en'));
INSERT INTO item.item ("name", text_content_id) VALUES('curtain', (SELECT tc.id FROM "translation".text_content tc WHERE tc.original_text like 'curtain'));
INSERT INTO "translation"."translation" ("translation", text_content_id, language_id) VALUES('firanka', (SELECT tc.id FROM "translation".text_content tc WHERE tc.original_text like 'curtain'), (SELECT l.id FROM "translation"."language" l WHERE l.iso_code LIKE 'pl'));
INSERT INTO "translation"."translation" ("translation", text_content_id, language_id) VALUES('vorhang', (SELECT tc.id FROM "translation".text_content tc WHERE tc.original_text like 'curtain'), (SELECT l.id FROM "translation"."language" l WHERE l.iso_code LIKE 'de'));
INSERT INTO "translation"."translation" ("translation", text_content_id, language_id) VALUES('cortina', (SELECT tc.id FROM "translation".text_content tc WHERE tc.original_text like 'curtain'), (SELECT l.id FROM "translation"."language" l WHERE l.iso_code LIKE 'es'));
INSERT INTO "translation"."translation" ("translation", text_content_id, language_id) VALUES('tenda', (SELECT tc.id FROM "translation".text_content tc WHERE tc.original_text like 'curtain'), (SELECT l.id FROM "translation"."language" l WHERE l.iso_code LIKE 'it'));
INSERT INTO "translation".text_content (original_text, language_id) VALUES('building block set', (SELECT l.id FROM "translation"."language" l WHERE l.iso_code LIKE 'en'));
INSERT INTO item.item ("name", text_content_id) VALUES('building block set', (SELECT tc.id FROM "translation".text_content tc WHERE tc.original_text like 'building block set'));
INSERT INTO "translation"."translation" ("translation", text_content_id, language_id) VALUES('zestaw klocków', (SELECT tc.id FROM "translation".text_content tc WHERE tc.original_text like 'building block set'), (SELECT l.id FROM "translation"."language" l WHERE l.iso_code LIKE 'pl'));
INSERT INTO "translation"."translation" ("translation", text_content_id, language_id) VALUES('bausteinsatz', (SELECT tc.id FROM "translation".text_content tc WHERE tc.original_text like 'building block set'), (SELECT l.id FROM "translation"."language" l WHERE l.iso_code LIKE 'de'));
INSERT INTO "translation"."translation" ("translation", text_content_id, language_id) VALUES('set de bloques de construcción', (SELECT tc.id FROM "translation".text_content tc WHERE tc.original_text like 'building block set'), (SELECT l.id FROM "translation"."language" l WHERE l.iso_code LIKE 'es'));
INSERT INTO "translation"."translation" ("translation", text_content_id, language_id) VALUES('set di blocchi di costruzione', (SELECT tc.id FROM "translation".text_content tc WHERE tc.original_text like 'building block set'), (SELECT l.id FROM "translation"."language" l WHERE l.iso_code LIKE 'it'));
INSERT INTO "translation".text_content (original_text, language_id) VALUES('chess set', (SELECT l.id FROM "translation"."language" l WHERE l.iso_code LIKE 'en'));
INSERT INTO item.item ("name", text_content_id) VALUES('chess set', (SELECT tc.id FROM "translation".text_content tc WHERE tc.original_text like 'chess set'));
INSERT INTO "translation"."translation" ("translation", text_content_id, language_id) VALUES('komplet do gry w szachy', (SELECT tc.id FROM "translation".text_content tc WHERE tc.original_text like 'chess set'), (SELECT l.id FROM "translation"."language" l WHERE l.iso_code LIKE 'pl'));
INSERT INTO "translation"."translation" ("translation", text_content_id, language_id) VALUES('schachspiel', (SELECT tc.id FROM "translation".text_content tc WHERE tc.original_text like 'chess set'), (SELECT l.id FROM "translation"."language" l WHERE l.iso_code LIKE 'de'));
INSERT INTO "translation"."translation" ("translation", text_content_id, language_id) VALUES('juego de ajedrez', (SELECT tc.id FROM "translation".text_content tc WHERE tc.original_text like 'chess set'), (SELECT l.id FROM "translation"."language" l WHERE l.iso_code LIKE 'es'));
INSERT INTO "translation"."translation" ("translation", text_content_id, language_id) VALUES('scacchiera', (SELECT tc.id FROM "translation".text_content tc WHERE tc.original_text like 'chess set'), (SELECT l.id FROM "translation"."language" l WHERE l.iso_code LIKE 'it'));
INSERT INTO "translation".text_content (original_text, language_id) VALUES('globe', (SELECT l.id FROM "translation"."language" l WHERE l.iso_code LIKE 'en'));
INSERT INTO item.item ("name", text_content_id) VALUES('globe', (SELECT tc.id FROM "translation".text_content tc WHERE tc.original_text like 'globe'));
INSERT INTO "translation"."translation" ("translation", text_content_id, language_id) VALUES('globus', (SELECT tc.id FROM "translation".text_content tc WHERE tc.original_text like 'globe'), (SELECT l.id FROM "translation"."language" l WHERE l.iso_code LIKE 'pl'));
INSERT INTO "translation"."translation" ("translation", text_content_id, language_id) VALUES('globus', (SELECT tc.id FROM "translation".text_content tc WHERE tc.original_text like 'globe'), (SELECT l.id FROM "translation"."language" l WHERE l.iso_code LIKE 'de'));
INSERT INTO "translation"."translation" ("translation", text_content_id, language_id) VALUES('globo terráqueo', (SELECT tc.id FROM "translation".text_content tc WHERE tc.original_text like 'globe'), (SELECT l.id FROM "translation"."language" l WHERE l.iso_code LIKE 'es'));
INSERT INTO "translation"."translation" ("translation", text_content_id, language_id) VALUES('mappamondo', (SELECT tc.id FROM "translation".text_content tc WHERE tc.original_text like 'globe'), (SELECT l.id FROM "translation"."language" l WHERE l.iso_code LIKE 'it'));
INSERT INTO "translation".text_content (original_text, language_id) VALUES('puzzle', (SELECT l.id FROM "translation"."language" l WHERE l.iso_code LIKE 'en'));
INSERT INTO item.item ("name", text_content_id) VALUES('puzzle', (SELECT tc.id FROM "translation".text_content tc WHERE tc.original_text like 'puzzle'));
INSERT INTO "translation"."translation" ("translation", text_content_id, language_id) VALUES('puzzle', (SELECT tc.id FROM "translation".text_content tc WHERE tc.original_text like 'puzzle'), (SELECT l.id FROM "translation"."language" l WHERE l.iso_code LIKE 'pl'));
INSERT INTO "translation"."translation" ("translation", text_content_id, language_id) VALUES('puzzle', (SELECT tc.id FROM "translation".text_content tc WHERE tc.original_text like 'puzzle'), (SELECT l.id FROM "translation"."language" l WHERE l.iso_code LIKE 'de'));
INSERT INTO "translation"."translation" ("translation", text_content_id, language_id) VALUES('puzzle', (SELECT tc.id FROM "translation".text_content tc WHERE tc.original_text like 'puzzle'), (SELECT l.id FROM "translation"."language" l WHERE l.iso_code LIKE 'es'));
INSERT INTO "translation"."translation" ("translation", text_content_id, language_id) VALUES('puzzle', (SELECT tc.id FROM "translation".text_content tc WHERE tc.original_text like 'puzzle'), (SELECT l.id FROM "translation"."language" l WHERE l.iso_code LIKE 'it'));
INSERT INTO "translation".text_content (original_text, language_id) VALUES('board game', (SELECT l.id FROM "translation"."language" l WHERE l.iso_code LIKE 'en'));
INSERT INTO item.item ("name", text_content_id) VALUES('board game', (SELECT tc.id FROM "translation".text_content tc WHERE tc.original_text like 'board game'));
INSERT INTO "translation"."translation" ("translation", text_content_id, language_id) VALUES('gra planszowa', (SELECT tc.id FROM "translation".text_content tc WHERE tc.original_text like 'board game'), (SELECT l.id FROM "translation"."language" l WHERE l.iso_code LIKE 'pl'));
INSERT INTO "translation"."translation" ("translation", text_content_id, language_id) VALUES('brettspiel', (SELECT tc.id FROM "translation".text_content tc WHERE tc.original_text like 'board game'), (SELECT l.id FROM "translation"."language" l WHERE l.iso_code LIKE 'de'));
INSERT INTO "translation"."translation" ("translation", text_content_id, language_id) VALUES('juego de mesa', (SELECT tc.id FROM "translation".text_content tc WHERE tc.original_text like 'board game'), (SELECT l.id FROM "translation"."language" l WHERE l.iso_code LIKE 'es'));
INSERT INTO "translation"."translation" ("translation", text_content_id, language_id) VALUES('gioco da tavolo', (SELECT tc.id FROM "translation".text_content tc WHERE tc.original_text like 'board game'), (SELECT l.id FROM "translation"."language" l WHERE l.iso_code LIKE 'it'));
