INSERT INTO "translation"."language" (iso_code, iso_name) VALUES('pl', 'polish');
INSERT INTO "translation"."language" (iso_code, iso_name) VALUES('en', 'english');
INSERT INTO "translation"."language" (iso_code, iso_name) VALUES('de', 'german');
INSERT INTO "translation"."language" (iso_code, iso_name) VALUES('es', 'spanish');
INSERT INTO "translation"."language" (iso_code, iso_name) VALUES('it', 'italian');
INSERT INTO "translation".text_content (original_text, language_id) VALUES('mineral water', (SELECT l.id FROM "translation"."language" l WHERE l.iso_code LIKE 'en'));
INSERT INTO item.item (uuid, "name", text_content_id) VALUES('f7cdde58-8221-4f1b-b6d7-c8438c366060', 'mineral water', (SELECT tc.id FROM "translation".text_content tc WHERE tc.original_text like 'mineral water'));
INSERT INTO "translation"."translation" ("translation", text_content_id, language_id) VALUES('woda mineralna', (SELECT tc.id FROM "translation".text_content tc WHERE tc.original_text like 'mineral water'), (SELECT l.id FROM "translation"."language" l WHERE l.iso_code LIKE 'pl'));
INSERT INTO "translation"."translation" ("translation", text_content_id, language_id) VALUES('mineralwasser', (SELECT tc.id FROM "translation".text_content tc WHERE tc.original_text like 'mineral water'), (SELECT l.id FROM "translation"."language" l WHERE l.iso_code LIKE 'de'));
INSERT INTO "translation"."translation" ("translation", text_content_id, language_id) VALUES('agua mineral', (SELECT tc.id FROM "translation".text_content tc WHERE tc.original_text like 'mineral water'), (SELECT l.id FROM "translation"."language" l WHERE l.iso_code LIKE 'es'));
INSERT INTO "translation"."translation" ("translation", text_content_id, language_id) VALUES('acqua minerale', (SELECT tc.id FROM "translation".text_content tc WHERE tc.original_text like 'mineral water'), (SELECT l.id FROM "translation"."language" l WHERE l.iso_code LIKE 'it'));
INSERT INTO "translation".text_content (original_text, language_id) VALUES('chocolate', (SELECT l.id FROM "translation"."language" l WHERE l.iso_code LIKE 'en'));
INSERT INTO item.item (uuid, "name", text_content_id) VALUES('ed53f9ac-2bd8-46ba-ac7b-c1a316a2dc13', 'chocolate', (SELECT tc.id FROM "translation".text_content tc WHERE tc.original_text like 'chocolate'));
INSERT INTO "translation"."translation" ("translation", text_content_id, language_id) VALUES('czekolada', (SELECT tc.id FROM "translation".text_content tc WHERE tc.original_text like 'chocolate'), (SELECT l.id FROM "translation"."language" l WHERE l.iso_code LIKE 'pl'));
INSERT INTO "translation"."translation" ("translation", text_content_id, language_id) VALUES('schokolade', (SELECT tc.id FROM "translation".text_content tc WHERE tc.original_text like 'chocolate'), (SELECT l.id FROM "translation"."language" l WHERE l.iso_code LIKE 'de'));
INSERT INTO "translation"."translation" ("translation", text_content_id, language_id) VALUES('chocolate', (SELECT tc.id FROM "translation".text_content tc WHERE tc.original_text like 'chocolate'), (SELECT l.id FROM "translation"."language" l WHERE l.iso_code LIKE 'es'));
INSERT INTO "translation"."translation" ("translation", text_content_id, language_id) VALUES('cioccolato', (SELECT tc.id FROM "translation".text_content tc WHERE tc.original_text like 'chocolate'), (SELECT l.id FROM "translation"."language" l WHERE l.iso_code LIKE 'it'));
INSERT INTO "translation".text_content (original_text, language_id) VALUES('potatoes', (SELECT l.id FROM "translation"."language" l WHERE l.iso_code LIKE 'en'));
INSERT INTO item.item (uuid, "name", text_content_id) VALUES('56e520d8-4fba-4035-86a0-25abdfcc1559', 'potatoes', (SELECT tc.id FROM "translation".text_content tc WHERE tc.original_text like 'potatoes'));
INSERT INTO "translation"."translation" ("translation", text_content_id, language_id) VALUES('ziemniaki', (SELECT tc.id FROM "translation".text_content tc WHERE tc.original_text like 'potatoes'), (SELECT l.id FROM "translation"."language" l WHERE l.iso_code LIKE 'pl'));
INSERT INTO "translation"."translation" ("translation", text_content_id, language_id) VALUES('kartoffeln', (SELECT tc.id FROM "translation".text_content tc WHERE tc.original_text like 'potatoes'), (SELECT l.id FROM "translation"."language" l WHERE l.iso_code LIKE 'de'));
INSERT INTO "translation"."translation" ("translation", text_content_id, language_id) VALUES('patatas', (SELECT tc.id FROM "translation".text_content tc WHERE tc.original_text like 'potatoes'), (SELECT l.id FROM "translation"."language" l WHERE l.iso_code LIKE 'es'));
INSERT INTO "translation"."translation" ("translation", text_content_id, language_id) VALUES('patate', (SELECT tc.id FROM "translation".text_content tc WHERE tc.original_text like 'potatoes'), (SELECT l.id FROM "translation"."language" l WHERE l.iso_code LIKE 'it'));
INSERT INTO "translation".text_content (original_text, language_id) VALUES('carrots', (SELECT l.id FROM "translation"."language" l WHERE l.iso_code LIKE 'en'));
INSERT INTO item.item (uuid, "name", text_content_id) VALUES('2b0aeee0-d3fd-4ab7-b091-2fdc7423483c', 'carrots', (SELECT tc.id FROM "translation".text_content tc WHERE tc.original_text like 'carrots'));
INSERT INTO "translation"."translation" ("translation", text_content_id, language_id) VALUES('marchew', (SELECT tc.id FROM "translation".text_content tc WHERE tc.original_text like 'carrots'), (SELECT l.id FROM "translation"."language" l WHERE l.iso_code LIKE 'pl'));
INSERT INTO "translation"."translation" ("translation", text_content_id, language_id) VALUES('karotten', (SELECT tc.id FROM "translation".text_content tc WHERE tc.original_text like 'carrots'), (SELECT l.id FROM "translation"."language" l WHERE l.iso_code LIKE 'de'));
INSERT INTO "translation"."translation" ("translation", text_content_id, language_id) VALUES('zanahorias', (SELECT tc.id FROM "translation".text_content tc WHERE tc.original_text like 'carrots'), (SELECT l.id FROM "translation"."language" l WHERE l.iso_code LIKE 'es'));
INSERT INTO "translation"."translation" ("translation", text_content_id, language_id) VALUES('carote', (SELECT tc.id FROM "translation".text_content tc WHERE tc.original_text like 'carrots'), (SELECT l.id FROM "translation"."language" l WHERE l.iso_code LIKE 'it'));
INSERT INTO "translation".text_content (original_text, language_id) VALUES('pasta', (SELECT l.id FROM "translation"."language" l WHERE l.iso_code LIKE 'en'));
INSERT INTO item.item (uuid, "name", text_content_id) VALUES('b7c097e9-ec5b-4f21-902a-40fa2cc8dcbf', 'pasta', (SELECT tc.id FROM "translation".text_content tc WHERE tc.original_text like 'pasta'));
INSERT INTO "translation"."translation" ("translation", text_content_id, language_id) VALUES('makaron', (SELECT tc.id FROM "translation".text_content tc WHERE tc.original_text like 'pasta'), (SELECT l.id FROM "translation"."language" l WHERE l.iso_code LIKE 'pl'));
INSERT INTO "translation"."translation" ("translation", text_content_id, language_id) VALUES('nudeln', (SELECT tc.id FROM "translation".text_content tc WHERE tc.original_text like 'pasta'), (SELECT l.id FROM "translation"."language" l WHERE l.iso_code LIKE 'de'));
INSERT INTO "translation"."translation" ("translation", text_content_id, language_id) VALUES('pasta', (SELECT tc.id FROM "translation".text_content tc WHERE tc.original_text like 'pasta'), (SELECT l.id FROM "translation"."language" l WHERE l.iso_code LIKE 'es'));
INSERT INTO "translation"."translation" ("translation", text_content_id, language_id) VALUES('pasta', (SELECT tc.id FROM "translation".text_content tc WHERE tc.original_text like 'pasta'), (SELECT l.id FROM "translation"."language" l WHERE l.iso_code LIKE 'it'));
INSERT INTO "translation".text_content (original_text, language_id) VALUES('cottage cheese', (SELECT l.id FROM "translation"."language" l WHERE l.iso_code LIKE 'en'));
INSERT INTO item.item (uuid, "name", text_content_id) VALUES('8a9f1bfc-a14a-43ed-bd34-abf30e15a2f2', 'cottage cheese', (SELECT tc.id FROM "translation".text_content tc WHERE tc.original_text like 'cottage cheese'));
INSERT INTO "translation"."translation" ("translation", text_content_id, language_id) VALUES('twaróg', (SELECT tc.id FROM "translation".text_content tc WHERE tc.original_text like 'cottage cheese'), (SELECT l.id FROM "translation"."language" l WHERE l.iso_code LIKE 'pl'));
INSERT INTO "translation"."translation" ("translation", text_content_id, language_id) VALUES('hüttenkäse', (SELECT tc.id FROM "translation".text_content tc WHERE tc.original_text like 'cottage cheese'), (SELECT l.id FROM "translation"."language" l WHERE l.iso_code LIKE 'de'));
INSERT INTO "translation"."translation" ("translation", text_content_id, language_id) VALUES('requesón', (SELECT tc.id FROM "translation".text_content tc WHERE tc.original_text like 'cottage cheese'), (SELECT l.id FROM "translation"."language" l WHERE l.iso_code LIKE 'es'));
INSERT INTO "translation"."translation" ("translation", text_content_id, language_id) VALUES('ricotta', (SELECT tc.id FROM "translation".text_content tc WHERE tc.original_text like 'cottage cheese'), (SELECT l.id FROM "translation"."language" l WHERE l.iso_code LIKE 'it'));
INSERT INTO "translation".text_content (original_text, language_id) VALUES('bacon', (SELECT l.id FROM "translation"."language" l WHERE l.iso_code LIKE 'en'));
INSERT INTO item.item (uuid, "name", text_content_id) VALUES('cab33ed0-dee3-45f6-8fa0-1e91aaee62b9', 'bacon', (SELECT tc.id FROM "translation".text_content tc WHERE tc.original_text like 'bacon'));
INSERT INTO "translation"."translation" ("translation", text_content_id, language_id) VALUES('boczek', (SELECT tc.id FROM "translation".text_content tc WHERE tc.original_text like 'bacon'), (SELECT l.id FROM "translation"."language" l WHERE l.iso_code LIKE 'pl'));
INSERT INTO "translation"."translation" ("translation", text_content_id, language_id) VALUES('speck', (SELECT tc.id FROM "translation".text_content tc WHERE tc.original_text like 'bacon'), (SELECT l.id FROM "translation"."language" l WHERE l.iso_code LIKE 'de'));
INSERT INTO "translation"."translation" ("translation", text_content_id, language_id) VALUES('tocino', (SELECT tc.id FROM "translation".text_content tc WHERE tc.original_text like 'bacon'), (SELECT l.id FROM "translation"."language" l WHERE l.iso_code LIKE 'es'));
INSERT INTO "translation"."translation" ("translation", text_content_id, language_id) VALUES('pancetta', (SELECT tc.id FROM "translation".text_content tc WHERE tc.original_text like 'bacon'), (SELECT l.id FROM "translation"."language" l WHERE l.iso_code LIKE 'it'));
INSERT INTO "translation".text_content (original_text, language_id) VALUES('beef', (SELECT l.id FROM "translation"."language" l WHERE l.iso_code LIKE 'en'));
INSERT INTO item.item (uuid, "name", text_content_id) VALUES('79a0539b-3419-4e62-b31c-2a48c07b965c', 'beef', (SELECT tc.id FROM "translation".text_content tc WHERE tc.original_text like 'beef'));
INSERT INTO "translation"."translation" ("translation", text_content_id, language_id) VALUES('wołowina', (SELECT tc.id FROM "translation".text_content tc WHERE tc.original_text like 'beef'), (SELECT l.id FROM "translation"."language" l WHERE l.iso_code LIKE 'pl'));
INSERT INTO "translation"."translation" ("translation", text_content_id, language_id) VALUES('rindfleisch', (SELECT tc.id FROM "translation".text_content tc WHERE tc.original_text like 'beef'), (SELECT l.id FROM "translation"."language" l WHERE l.iso_code LIKE 'de'));
INSERT INTO "translation"."translation" ("translation", text_content_id, language_id) VALUES('carne de res', (SELECT tc.id FROM "translation".text_content tc WHERE tc.original_text like 'beef'), (SELECT l.id FROM "translation"."language" l WHERE l.iso_code LIKE 'es'));
INSERT INTO "translation"."translation" ("translation", text_content_id, language_id) VALUES('manzo', (SELECT tc.id FROM "translation".text_content tc WHERE tc.original_text like 'beef'), (SELECT l.id FROM "translation"."language" l WHERE l.iso_code LIKE 'it'));
INSERT INTO "translation".text_content (original_text, language_id) VALUES('pork', (SELECT l.id FROM "translation"."language" l WHERE l.iso_code LIKE 'en'));
INSERT INTO item.item (uuid, "name", text_content_id) VALUES('146f8ab7-fe26-4fb7-b3a9-be1f6bdc76e6', 'pork', (SELECT tc.id FROM "translation".text_content tc WHERE tc.original_text like 'pork'));
INSERT INTO "translation"."translation" ("translation", text_content_id, language_id) VALUES('wieprzowina', (SELECT tc.id FROM "translation".text_content tc WHERE tc.original_text like 'pork'), (SELECT l.id FROM "translation"."language" l WHERE l.iso_code LIKE 'pl'));
INSERT INTO "translation"."translation" ("translation", text_content_id, language_id) VALUES('schweinefleisch', (SELECT tc.id FROM "translation".text_content tc WHERE tc.original_text like 'pork'), (SELECT l.id FROM "translation"."language" l WHERE l.iso_code LIKE 'de'));
INSERT INTO "translation"."translation" ("translation", text_content_id, language_id) VALUES('carne de cerdo', (SELECT tc.id FROM "translation".text_content tc WHERE tc.original_text like 'pork'), (SELECT l.id FROM "translation"."language" l WHERE l.iso_code LIKE 'es'));
INSERT INTO "translation"."translation" ("translation", text_content_id, language_id) VALUES('maiale', (SELECT tc.id FROM "translation".text_content tc WHERE tc.original_text like 'pork'), (SELECT l.id FROM "translation"."language" l WHERE l.iso_code LIKE 'it'));
INSERT INTO "translation".text_content (original_text, language_id) VALUES('chicken', (SELECT l.id FROM "translation"."language" l WHERE l.iso_code LIKE 'en'));
INSERT INTO item.item (uuid, "name", text_content_id) VALUES('ace8aee1-deca-4ef2-9903-4dbaf14012c0', 'chicken', (SELECT tc.id FROM "translation".text_content tc WHERE tc.original_text like 'chicken'));
INSERT INTO "translation"."translation" ("translation", text_content_id, language_id) VALUES('kurczak', (SELECT tc.id FROM "translation".text_content tc WHERE tc.original_text like 'chicken'), (SELECT l.id FROM "translation"."language" l WHERE l.iso_code LIKE 'pl'));
INSERT INTO "translation"."translation" ("translation", text_content_id, language_id) VALUES('huhn', (SELECT tc.id FROM "translation".text_content tc WHERE tc.original_text like 'chicken'), (SELECT l.id FROM "translation"."language" l WHERE l.iso_code LIKE 'de'));
INSERT INTO "translation"."translation" ("translation", text_content_id, language_id) VALUES('pollo', (SELECT tc.id FROM "translation".text_content tc WHERE tc.original_text like 'chicken'), (SELECT l.id FROM "translation"."language" l WHERE l.iso_code LIKE 'es'));
INSERT INTO "translation"."translation" ("translation", text_content_id, language_id) VALUES('pollo', (SELECT tc.id FROM "translation".text_content tc WHERE tc.original_text like 'chicken'), (SELECT l.id FROM "translation"."language" l WHERE l.iso_code LIKE 'it'));
INSERT INTO "translation".text_content (original_text, language_id) VALUES('turkey', (SELECT l.id FROM "translation"."language" l WHERE l.iso_code LIKE 'en'));
INSERT INTO item.item (uuid, "name", text_content_id) VALUES('69267486-7e7c-4278-a804-8dc40e499f65', 'turkey', (SELECT tc.id FROM "translation".text_content tc WHERE tc.original_text like 'turkey'));
INSERT INTO "translation"."translation" ("translation", text_content_id, language_id) VALUES('indyk', (SELECT tc.id FROM "translation".text_content tc WHERE tc.original_text like 'turkey'), (SELECT l.id FROM "translation"."language" l WHERE l.iso_code LIKE 'pl'));
INSERT INTO "translation"."translation" ("translation", text_content_id, language_id) VALUES('truthahn', (SELECT tc.id FROM "translation".text_content tc WHERE tc.original_text like 'turkey'), (SELECT l.id FROM "translation"."language" l WHERE l.iso_code LIKE 'de'));
INSERT INTO "translation"."translation" ("translation", text_content_id, language_id) VALUES('pavo', (SELECT tc.id FROM "translation".text_content tc WHERE tc.original_text like 'turkey'), (SELECT l.id FROM "translation"."language" l WHERE l.iso_code LIKE 'es'));
INSERT INTO "translation"."translation" ("translation", text_content_id, language_id) VALUES('tacchino', (SELECT tc.id FROM "translation".text_content tc WHERE tc.original_text like 'turkey'), (SELECT l.id FROM "translation"."language" l WHERE l.iso_code LIKE 'it'));
INSERT INTO "translation".text_content (original_text, language_id) VALUES('tuna', (SELECT l.id FROM "translation"."language" l WHERE l.iso_code LIKE 'en'));
INSERT INTO item.item (uuid, "name", text_content_id) VALUES('fe17fc63-57ca-4e7f-8326-18665611d1aa', 'tuna', (SELECT tc.id FROM "translation".text_content tc WHERE tc.original_text like 'tuna'));
INSERT INTO "translation"."translation" ("translation", text_content_id, language_id) VALUES('tuńczyk', (SELECT tc.id FROM "translation".text_content tc WHERE tc.original_text like 'tuna'), (SELECT l.id FROM "translation"."language" l WHERE l.iso_code LIKE 'pl'));
INSERT INTO "translation"."translation" ("translation", text_content_id, language_id) VALUES('thunfisch', (SELECT tc.id FROM "translation".text_content tc WHERE tc.original_text like 'tuna'), (SELECT l.id FROM "translation"."language" l WHERE l.iso_code LIKE 'de'));
INSERT INTO "translation"."translation" ("translation", text_content_id, language_id) VALUES('atún', (SELECT tc.id FROM "translation".text_content tc WHERE tc.original_text like 'tuna'), (SELECT l.id FROM "translation"."language" l WHERE l.iso_code LIKE 'es'));
INSERT INTO "translation"."translation" ("translation", text_content_id, language_id) VALUES('tonno', (SELECT tc.id FROM "translation".text_content tc WHERE tc.original_text like 'tuna'), (SELECT l.id FROM "translation"."language" l WHERE l.iso_code LIKE 'it'));
INSERT INTO "translation".text_content (original_text, language_id) VALUES('salmon', (SELECT l.id FROM "translation"."language" l WHERE l.iso_code LIKE 'en'));
INSERT INTO item.item (uuid, "name", text_content_id) VALUES('717e3622-d31b-429a-8d8a-7d60379e03f0', 'salmon', (SELECT tc.id FROM "translation".text_content tc WHERE tc.original_text like 'salmon'));
INSERT INTO "translation"."translation" ("translation", text_content_id, language_id) VALUES('łosoś', (SELECT tc.id FROM "translation".text_content tc WHERE tc.original_text like 'salmon'), (SELECT l.id FROM "translation"."language" l WHERE l.iso_code LIKE 'pl'));
INSERT INTO "translation"."translation" ("translation", text_content_id, language_id) VALUES('lachs', (SELECT tc.id FROM "translation".text_content tc WHERE tc.original_text like 'salmon'), (SELECT l.id FROM "translation"."language" l WHERE l.iso_code LIKE 'de'));
INSERT INTO "translation"."translation" ("translation", text_content_id, language_id) VALUES('salmón', (SELECT tc.id FROM "translation".text_content tc WHERE tc.original_text like 'salmon'), (SELECT l.id FROM "translation"."language" l WHERE l.iso_code LIKE 'es'));
INSERT INTO "translation"."translation" ("translation", text_content_id, language_id) VALUES('salmone', (SELECT tc.id FROM "translation".text_content tc WHERE tc.original_text like 'salmon'), (SELECT l.id FROM "translation"."language" l WHERE l.iso_code LIKE 'it'));
INSERT INTO "translation".text_content (original_text, language_id) VALUES('sardines', (SELECT l.id FROM "translation"."language" l WHERE l.iso_code LIKE 'en'));
INSERT INTO item.item (uuid, "name", text_content_id) VALUES('1927b469-81c3-4ee5-886b-783c692801b2', 'sardines', (SELECT tc.id FROM "translation".text_content tc WHERE tc.original_text like 'sardines'));
INSERT INTO "translation"."translation" ("translation", text_content_id, language_id) VALUES('sardynki', (SELECT tc.id FROM "translation".text_content tc WHERE tc.original_text like 'sardines'), (SELECT l.id FROM "translation"."language" l WHERE l.iso_code LIKE 'pl'));
INSERT INTO "translation"."translation" ("translation", text_content_id, language_id) VALUES('sardinen', (SELECT tc.id FROM "translation".text_content tc WHERE tc.original_text like 'sardines'), (SELECT l.id FROM "translation"."language" l WHERE l.iso_code LIKE 'de'));
INSERT INTO "translation"."translation" ("translation", text_content_id, language_id) VALUES('sardinas', (SELECT tc.id FROM "translation".text_content tc WHERE tc.original_text like 'sardines'), (SELECT l.id FROM "translation"."language" l WHERE l.iso_code LIKE 'es'));
INSERT INTO "translation"."translation" ("translation", text_content_id, language_id) VALUES('sardine', (SELECT tc.id FROM "translation".text_content tc WHERE tc.original_text like 'sardines'), (SELECT l.id FROM "translation"."language" l WHERE l.iso_code LIKE 'it'));
INSERT INTO "translation".text_content (original_text, language_id) VALUES('olive oil', (SELECT l.id FROM "translation"."language" l WHERE l.iso_code LIKE 'en'));
INSERT INTO item.item (uuid, "name", text_content_id) VALUES('5707bc5d-f93c-4017-94c8-735028943349', 'olive oil', (SELECT tc.id FROM "translation".text_content tc WHERE tc.original_text like 'olive oil'));
INSERT INTO "translation"."translation" ("translation", text_content_id, language_id) VALUES('oliwa z oliwek', (SELECT tc.id FROM "translation".text_content tc WHERE tc.original_text like 'olive oil'), (SELECT l.id FROM "translation"."language" l WHERE l.iso_code LIKE 'pl'));
INSERT INTO "translation"."translation" ("translation", text_content_id, language_id) VALUES('olivenöl', (SELECT tc.id FROM "translation".text_content tc WHERE tc.original_text like 'olive oil'), (SELECT l.id FROM "translation"."language" l WHERE l.iso_code LIKE 'de'));
INSERT INTO "translation"."translation" ("translation", text_content_id, language_id) VALUES('aceite de oliva', (SELECT tc.id FROM "translation".text_content tc WHERE tc.original_text like 'olive oil'), (SELECT l.id FROM "translation"."language" l WHERE l.iso_code LIKE 'es'));
INSERT INTO "translation"."translation" ("translation", text_content_id, language_id) VALUES('olio d''oliva', (SELECT tc.id FROM "translation".text_content tc WHERE tc.original_text like 'olive oil'), (SELECT l.id FROM "translation"."language" l WHERE l.iso_code LIKE 'it'));
INSERT INTO "translation".text_content (original_text, language_id) VALUES('cauliflower', (SELECT l.id FROM "translation"."language" l WHERE l.iso_code LIKE 'en'));
INSERT INTO item.item (uuid, "name", text_content_id) VALUES('9955a689-a24f-4bc2-baae-4b6486242b3e', 'cauliflower', (SELECT tc.id FROM "translation".text_content tc WHERE tc.original_text like 'cauliflower'));
INSERT INTO "translation"."translation" ("translation", text_content_id, language_id) VALUES('kalafior', (SELECT tc.id FROM "translation".text_content tc WHERE tc.original_text like 'cauliflower'), (SELECT l.id FROM "translation"."language" l WHERE l.iso_code LIKE 'pl'));
INSERT INTO "translation"."translation" ("translation", text_content_id, language_id) VALUES('blumenkohl', (SELECT tc.id FROM "translation".text_content tc WHERE tc.original_text like 'cauliflower'), (SELECT l.id FROM "translation"."language" l WHERE l.iso_code LIKE 'de'));
INSERT INTO "translation"."translation" ("translation", text_content_id, language_id) VALUES('coliflor', (SELECT tc.id FROM "translation".text_content tc WHERE tc.original_text like 'cauliflower'), (SELECT l.id FROM "translation"."language" l WHERE l.iso_code LIKE 'es'));
INSERT INTO "translation"."translation" ("translation", text_content_id, language_id) VALUES('cavolfiore', (SELECT tc.id FROM "translation".text_content tc WHERE tc.original_text like 'cauliflower'), (SELECT l.id FROM "translation"."language" l WHERE l.iso_code LIKE 'it'));
INSERT INTO "translation".text_content (original_text, language_id) VALUES('broccoli', (SELECT l.id FROM "translation"."language" l WHERE l.iso_code LIKE 'en'));
INSERT INTO item.item (uuid, "name", text_content_id) VALUES('b79008be-9b4b-4077-9be4-5d715f158d69', 'broccoli', (SELECT tc.id FROM "translation".text_content tc WHERE tc.original_text like 'broccoli'));
INSERT INTO "translation"."translation" ("translation", text_content_id, language_id) VALUES('brokuły', (SELECT tc.id FROM "translation".text_content tc WHERE tc.original_text like 'broccoli'), (SELECT l.id FROM "translation"."language" l WHERE l.iso_code LIKE 'pl'));
INSERT INTO "translation"."translation" ("translation", text_content_id, language_id) VALUES('brokkoli', (SELECT tc.id FROM "translation".text_content tc WHERE tc.original_text like 'broccoli'), (SELECT l.id FROM "translation"."language" l WHERE l.iso_code LIKE 'de'));
INSERT INTO "translation"."translation" ("translation", text_content_id, language_id) VALUES('brócoli', (SELECT tc.id FROM "translation".text_content tc WHERE tc.original_text like 'broccoli'), (SELECT l.id FROM "translation"."language" l WHERE l.iso_code LIKE 'es'));
INSERT INTO "translation"."translation" ("translation", text_content_id, language_id) VALUES('broccoli', (SELECT tc.id FROM "translation".text_content tc WHERE tc.original_text like 'broccoli'), (SELECT l.id FROM "translation"."language" l WHERE l.iso_code LIKE 'it'));
INSERT INTO "translation".text_content (original_text, language_id) VALUES('apple', (SELECT l.id FROM "translation"."language" l WHERE l.iso_code LIKE 'en'));
INSERT INTO item.item (uuid, "name", text_content_id) VALUES('f4ecaa09-5f9f-4817-a34c-dfa7c6efdd07', 'apple', (SELECT tc.id FROM "translation".text_content tc WHERE tc.original_text like 'apple'));
INSERT INTO "translation"."translation" ("translation", text_content_id, language_id) VALUES('jabłko', (SELECT tc.id FROM "translation".text_content tc WHERE tc.original_text like 'apple'), (SELECT l.id FROM "translation"."language" l WHERE l.iso_code LIKE 'pl'));
INSERT INTO "translation"."translation" ("translation", text_content_id, language_id) VALUES('apfel', (SELECT tc.id FROM "translation".text_content tc WHERE tc.original_text like 'apple'), (SELECT l.id FROM "translation"."language" l WHERE l.iso_code LIKE 'de'));
INSERT INTO "translation"."translation" ("translation", text_content_id, language_id) VALUES('manzana', (SELECT tc.id FROM "translation".text_content tc WHERE tc.original_text like 'apple'), (SELECT l.id FROM "translation"."language" l WHERE l.iso_code LIKE 'es'));
INSERT INTO "translation"."translation" ("translation", text_content_id, language_id) VALUES('mela', (SELECT tc.id FROM "translation".text_content tc WHERE tc.original_text like 'apple'), (SELECT l.id FROM "translation"."language" l WHERE l.iso_code LIKE 'it'));
INSERT INTO "translation".text_content (original_text, language_id) VALUES('banana', (SELECT l.id FROM "translation"."language" l WHERE l.iso_code LIKE 'en'));
INSERT INTO item.item (uuid, "name", text_content_id) VALUES('89c45fca-9ce2-4e53-a90f-9a153c64a6d1', 'banana', (SELECT tc.id FROM "translation".text_content tc WHERE tc.original_text like 'banana'));
INSERT INTO "translation"."translation" ("translation", text_content_id, language_id) VALUES('banan', (SELECT tc.id FROM "translation".text_content tc WHERE tc.original_text like 'banana'), (SELECT l.id FROM "translation"."language" l WHERE l.iso_code LIKE 'pl'));
INSERT INTO "translation"."translation" ("translation", text_content_id, language_id) VALUES('banane', (SELECT tc.id FROM "translation".text_content tc WHERE tc.original_text like 'banana'), (SELECT l.id FROM "translation"."language" l WHERE l.iso_code LIKE 'de'));
INSERT INTO "translation"."translation" ("translation", text_content_id, language_id) VALUES('plátano', (SELECT tc.id FROM "translation".text_content tc WHERE tc.original_text like 'banana'), (SELECT l.id FROM "translation"."language" l WHERE l.iso_code LIKE 'es'));
INSERT INTO "translation"."translation" ("translation", text_content_id, language_id) VALUES('banana', (SELECT tc.id FROM "translation".text_content tc WHERE tc.original_text like 'banana'), (SELECT l.id FROM "translation"."language" l WHERE l.iso_code LIKE 'it'));
INSERT INTO "translation".text_content (original_text, language_id) VALUES('pear', (SELECT l.id FROM "translation"."language" l WHERE l.iso_code LIKE 'en'));
INSERT INTO item.item (uuid, "name", text_content_id) VALUES('9fe8d7a4-1678-4dc3-845e-d139bea037fd', 'pear', (SELECT tc.id FROM "translation".text_content tc WHERE tc.original_text like 'pear'));
INSERT INTO "translation"."translation" ("translation", text_content_id, language_id) VALUES('gruszka', (SELECT tc.id FROM "translation".text_content tc WHERE tc.original_text like 'pear'), (SELECT l.id FROM "translation"."language" l WHERE l.iso_code LIKE 'pl'));
INSERT INTO "translation"."translation" ("translation", text_content_id, language_id) VALUES('birne', (SELECT tc.id FROM "translation".text_content tc WHERE tc.original_text like 'pear'), (SELECT l.id FROM "translation"."language" l WHERE l.iso_code LIKE 'de'));
INSERT INTO "translation"."translation" ("translation", text_content_id, language_id) VALUES('pera', (SELECT tc.id FROM "translation".text_content tc WHERE tc.original_text like 'pear'), (SELECT l.id FROM "translation"."language" l WHERE l.iso_code LIKE 'es'));
INSERT INTO "translation"."translation" ("translation", text_content_id, language_id) VALUES('pera', (SELECT tc.id FROM "translation".text_content tc WHERE tc.original_text like 'pear'), (SELECT l.id FROM "translation"."language" l WHERE l.iso_code LIKE 'it'));
INSERT INTO "translation".text_content (original_text, language_id) VALUES('orange', (SELECT l.id FROM "translation"."language" l WHERE l.iso_code LIKE 'en'));
INSERT INTO item.item (uuid, "name", text_content_id) VALUES('36647700-fc10-4ffc-84a9-ad4f8a5911e4', 'orange', (SELECT tc.id FROM "translation".text_content tc WHERE tc.original_text like 'orange'));
INSERT INTO "translation"."translation" ("translation", text_content_id, language_id) VALUES('pomarańcza', (SELECT tc.id FROM "translation".text_content tc WHERE tc.original_text like 'orange'), (SELECT l.id FROM "translation"."language" l WHERE l.iso_code LIKE 'pl'));
INSERT INTO "translation"."translation" ("translation", text_content_id, language_id) VALUES('orange', (SELECT tc.id FROM "translation".text_content tc WHERE tc.original_text like 'orange'), (SELECT l.id FROM "translation"."language" l WHERE l.iso_code LIKE 'de'));
INSERT INTO "translation"."translation" ("translation", text_content_id, language_id) VALUES('naranja', (SELECT tc.id FROM "translation".text_content tc WHERE tc.original_text like 'orange'), (SELECT l.id FROM "translation"."language" l WHERE l.iso_code LIKE 'es'));
INSERT INTO "translation"."translation" ("translation", text_content_id, language_id) VALUES('arancia', (SELECT tc.id FROM "translation".text_content tc WHERE tc.original_text like 'orange'), (SELECT l.id FROM "translation"."language" l WHERE l.iso_code LIKE 'it'));
INSERT INTO "translation".text_content (original_text, language_id) VALUES('watermelon', (SELECT l.id FROM "translation"."language" l WHERE l.iso_code LIKE 'en'));
INSERT INTO item.item (uuid, "name", text_content_id) VALUES('6b531bac-fa5d-42a6-bb1b-3b22f2716327', 'watermelon', (SELECT tc.id FROM "translation".text_content tc WHERE tc.original_text like 'watermelon'));
INSERT INTO "translation"."translation" ("translation", text_content_id, language_id) VALUES('arbuz', (SELECT tc.id FROM "translation".text_content tc WHERE tc.original_text like 'watermelon'), (SELECT l.id FROM "translation"."language" l WHERE l.iso_code LIKE 'pl'));
INSERT INTO "translation"."translation" ("translation", text_content_id, language_id) VALUES('wassermelone', (SELECT tc.id FROM "translation".text_content tc WHERE tc.original_text like 'watermelon'), (SELECT l.id FROM "translation"."language" l WHERE l.iso_code LIKE 'de'));
INSERT INTO "translation"."translation" ("translation", text_content_id, language_id) VALUES('sandía', (SELECT tc.id FROM "translation".text_content tc WHERE tc.original_text like 'watermelon'), (SELECT l.id FROM "translation"."language" l WHERE l.iso_code LIKE 'es'));
INSERT INTO "translation"."translation" ("translation", text_content_id, language_id) VALUES('cocomero', (SELECT tc.id FROM "translation".text_content tc WHERE tc.original_text like 'watermelon'), (SELECT l.id FROM "translation"."language" l WHERE l.iso_code LIKE 'it'));
INSERT INTO "translation".text_content (original_text, language_id) VALUES('lemon', (SELECT l.id FROM "translation"."language" l WHERE l.iso_code LIKE 'en'));
INSERT INTO item.item (uuid, "name", text_content_id) VALUES('2c066139-6ac9-4959-890e-73b8a5e297e2', 'lemon', (SELECT tc.id FROM "translation".text_content tc WHERE tc.original_text like 'lemon'));
INSERT INTO "translation"."translation" ("translation", text_content_id, language_id) VALUES('cytryna', (SELECT tc.id FROM "translation".text_content tc WHERE tc.original_text like 'lemon'), (SELECT l.id FROM "translation"."language" l WHERE l.iso_code LIKE 'pl'));
INSERT INTO "translation"."translation" ("translation", text_content_id, language_id) VALUES('zitrone', (SELECT tc.id FROM "translation".text_content tc WHERE tc.original_text like 'lemon'), (SELECT l.id FROM "translation"."language" l WHERE l.iso_code LIKE 'de'));
INSERT INTO "translation"."translation" ("translation", text_content_id, language_id) VALUES('limón', (SELECT tc.id FROM "translation".text_content tc WHERE tc.original_text like 'lemon'), (SELECT l.id FROM "translation"."language" l WHERE l.iso_code LIKE 'es'));
INSERT INTO "translation"."translation" ("translation", text_content_id, language_id) VALUES('limone', (SELECT tc.id FROM "translation".text_content tc WHERE tc.original_text like 'lemon'), (SELECT l.id FROM "translation"."language" l WHERE l.iso_code LIKE 'it'));
INSERT INTO "translation".text_content (original_text, language_id) VALUES('kiwi', (SELECT l.id FROM "translation"."language" l WHERE l.iso_code LIKE 'en'));
INSERT INTO item.item (uuid, "name", text_content_id) VALUES('52ba20d2-0631-4941-a6c1-cc07508267d1', 'kiwi', (SELECT tc.id FROM "translation".text_content tc WHERE tc.original_text like 'kiwi'));
INSERT INTO "translation"."translation" ("translation", text_content_id, language_id) VALUES('kiwi', (SELECT tc.id FROM "translation".text_content tc WHERE tc.original_text like 'kiwi'), (SELECT l.id FROM "translation"."language" l WHERE l.iso_code LIKE 'pl'));
INSERT INTO "translation"."translation" ("translation", text_content_id, language_id) VALUES('kiwi', (SELECT tc.id FROM "translation".text_content tc WHERE tc.original_text like 'kiwi'), (SELECT l.id FROM "translation"."language" l WHERE l.iso_code LIKE 'de'));
INSERT INTO "translation"."translation" ("translation", text_content_id, language_id) VALUES('kiwi', (SELECT tc.id FROM "translation".text_content tc WHERE tc.original_text like 'kiwi'), (SELECT l.id FROM "translation"."language" l WHERE l.iso_code LIKE 'es'));
INSERT INTO "translation"."translation" ("translation", text_content_id, language_id) VALUES('kiwi', (SELECT tc.id FROM "translation".text_content tc WHERE tc.original_text like 'kiwi'), (SELECT l.id FROM "translation"."language" l WHERE l.iso_code LIKE 'it'));
INSERT INTO "translation".text_content (original_text, language_id) VALUES('mango', (SELECT l.id FROM "translation"."language" l WHERE l.iso_code LIKE 'en'));
INSERT INTO item.item (uuid, "name", text_content_id) VALUES('32fccd16-b1bd-4f63-a768-2c9848a332f3', 'mango', (SELECT tc.id FROM "translation".text_content tc WHERE tc.original_text like 'mango'));
INSERT INTO "translation"."translation" ("translation", text_content_id, language_id) VALUES('mango', (SELECT tc.id FROM "translation".text_content tc WHERE tc.original_text like 'mango'), (SELECT l.id FROM "translation"."language" l WHERE l.iso_code LIKE 'pl'));
INSERT INTO "translation"."translation" ("translation", text_content_id, language_id) VALUES('mango', (SELECT tc.id FROM "translation".text_content tc WHERE tc.original_text like 'mango'), (SELECT l.id FROM "translation"."language" l WHERE l.iso_code LIKE 'de'));
INSERT INTO "translation"."translation" ("translation", text_content_id, language_id) VALUES('mango', (SELECT tc.id FROM "translation".text_content tc WHERE tc.original_text like 'mango'), (SELECT l.id FROM "translation"."language" l WHERE l.iso_code LIKE 'es'));
INSERT INTO "translation"."translation" ("translation", text_content_id, language_id) VALUES('mango', (SELECT tc.id FROM "translation".text_content tc WHERE tc.original_text like 'mango'), (SELECT l.id FROM "translation"."language" l WHERE l.iso_code LIKE 'it'));
INSERT INTO "translation".text_content (original_text, language_id) VALUES('papaya', (SELECT l.id FROM "translation"."language" l WHERE l.iso_code LIKE 'en'));
INSERT INTO item.item (uuid, "name", text_content_id) VALUES('006741b6-f70e-4a45-b12f-22fad2d3811c', 'papaya', (SELECT tc.id FROM "translation".text_content tc WHERE tc.original_text like 'papaya'));
INSERT INTO "translation"."translation" ("translation", text_content_id, language_id) VALUES('papaja', (SELECT tc.id FROM "translation".text_content tc WHERE tc.original_text like 'papaya'), (SELECT l.id FROM "translation"."language" l WHERE l.iso_code LIKE 'pl'));
INSERT INTO "translation"."translation" ("translation", text_content_id, language_id) VALUES('papaya', (SELECT tc.id FROM "translation".text_content tc WHERE tc.original_text like 'papaya'), (SELECT l.id FROM "translation"."language" l WHERE l.iso_code LIKE 'de'));
INSERT INTO "translation"."translation" ("translation", text_content_id, language_id) VALUES('papaya', (SELECT tc.id FROM "translation".text_content tc WHERE tc.original_text like 'papaya'), (SELECT l.id FROM "translation"."language" l WHERE l.iso_code LIKE 'es'));
INSERT INTO "translation"."translation" ("translation", text_content_id, language_id) VALUES('papaya', (SELECT tc.id FROM "translation".text_content tc WHERE tc.original_text like 'papaya'), (SELECT l.id FROM "translation"."language" l WHERE l.iso_code LIKE 'it'));
INSERT INTO "translation".text_content (original_text, language_id) VALUES('strawberry', (SELECT l.id FROM "translation"."language" l WHERE l.iso_code LIKE 'en'));
INSERT INTO item.item (uuid, "name", text_content_id) VALUES('86da1377-26cb-4954-be36-bfedb32d2ce6', 'strawberry', (SELECT tc.id FROM "translation".text_content tc WHERE tc.original_text like 'strawberry'));
INSERT INTO "translation"."translation" ("translation", text_content_id, language_id) VALUES('truskawka', (SELECT tc.id FROM "translation".text_content tc WHERE tc.original_text like 'strawberry'), (SELECT l.id FROM "translation"."language" l WHERE l.iso_code LIKE 'pl'));
INSERT INTO "translation"."translation" ("translation", text_content_id, language_id) VALUES('erdbeere', (SELECT tc.id FROM "translation".text_content tc WHERE tc.original_text like 'strawberry'), (SELECT l.id FROM "translation"."language" l WHERE l.iso_code LIKE 'de'));
INSERT INTO "translation"."translation" ("translation", text_content_id, language_id) VALUES('fresa', (SELECT tc.id FROM "translation".text_content tc WHERE tc.original_text like 'strawberry'), (SELECT l.id FROM "translation"."language" l WHERE l.iso_code LIKE 'es'));
INSERT INTO "translation"."translation" ("translation", text_content_id, language_id) VALUES('fragola', (SELECT tc.id FROM "translation".text_content tc WHERE tc.original_text like 'strawberry'), (SELECT l.id FROM "translation"."language" l WHERE l.iso_code LIKE 'it'));
INSERT INTO "translation".text_content (original_text, language_id) VALUES('raspberry', (SELECT l.id FROM "translation"."language" l WHERE l.iso_code LIKE 'en'));
INSERT INTO item.item (uuid, "name", text_content_id) VALUES('4d5cb522-b6c0-45d8-ad40-b5c9c9a69da5', 'raspberry', (SELECT tc.id FROM "translation".text_content tc WHERE tc.original_text like 'raspberry'));
INSERT INTO "translation"."translation" ("translation", text_content_id, language_id) VALUES('malina', (SELECT tc.id FROM "translation".text_content tc WHERE tc.original_text like 'raspberry'), (SELECT l.id FROM "translation"."language" l WHERE l.iso_code LIKE 'pl'));
INSERT INTO "translation"."translation" ("translation", text_content_id, language_id) VALUES('himbeere', (SELECT tc.id FROM "translation".text_content tc WHERE tc.original_text like 'raspberry'), (SELECT l.id FROM "translation"."language" l WHERE l.iso_code LIKE 'de'));
INSERT INTO "translation"."translation" ("translation", text_content_id, language_id) VALUES('frambuesa', (SELECT tc.id FROM "translation".text_content tc WHERE tc.original_text like 'raspberry'), (SELECT l.id FROM "translation"."language" l WHERE l.iso_code LIKE 'es'));
INSERT INTO "translation"."translation" ("translation", text_content_id, language_id) VALUES('lampone', (SELECT tc.id FROM "translation".text_content tc WHERE tc.original_text like 'raspberry'), (SELECT l.id FROM "translation"."language" l WHERE l.iso_code LIKE 'it'));
INSERT INTO "translation".text_content (original_text, language_id) VALUES('blueberry', (SELECT l.id FROM "translation"."language" l WHERE l.iso_code LIKE 'en'));
INSERT INTO item.item (uuid, "name", text_content_id) VALUES('a1be38fe-dc35-4d5c-921a-a53a92bf6504', 'blueberry', (SELECT tc.id FROM "translation".text_content tc WHERE tc.original_text like 'blueberry'));
INSERT INTO "translation"."translation" ("translation", text_content_id, language_id) VALUES('borówka amerykańska', (SELECT tc.id FROM "translation".text_content tc WHERE tc.original_text like 'blueberry'), (SELECT l.id FROM "translation"."language" l WHERE l.iso_code LIKE 'pl'));
INSERT INTO "translation"."translation" ("translation", text_content_id, language_id) VALUES('blaubeere', (SELECT tc.id FROM "translation".text_content tc WHERE tc.original_text like 'blueberry'), (SELECT l.id FROM "translation"."language" l WHERE l.iso_code LIKE 'de'));
INSERT INTO "translation"."translation" ("translation", text_content_id, language_id) VALUES('arándano', (SELECT tc.id FROM "translation".text_content tc WHERE tc.original_text like 'blueberry'), (SELECT l.id FROM "translation"."language" l WHERE l.iso_code LIKE 'es'));
INSERT INTO "translation"."translation" ("translation", text_content_id, language_id) VALUES('mirtillo', (SELECT tc.id FROM "translation".text_content tc WHERE tc.original_text like 'blueberry'), (SELECT l.id FROM "translation"."language" l WHERE l.iso_code LIKE 'it'));
INSERT INTO "translation".text_content (original_text, language_id) VALUES('plum', (SELECT l.id FROM "translation"."language" l WHERE l.iso_code LIKE 'en'));
INSERT INTO item.item (uuid, "name", text_content_id) VALUES('0d94bd0d-e950-465d-9346-5715ee83f48b', 'plum', (SELECT tc.id FROM "translation".text_content tc WHERE tc.original_text like 'plum'));
INSERT INTO "translation"."translation" ("translation", text_content_id, language_id) VALUES('śliwka', (SELECT tc.id FROM "translation".text_content tc WHERE tc.original_text like 'plum'), (SELECT l.id FROM "translation"."language" l WHERE l.iso_code LIKE 'pl'));
INSERT INTO "translation"."translation" ("translation", text_content_id, language_id) VALUES('pflaume', (SELECT tc.id FROM "translation".text_content tc WHERE tc.original_text like 'plum'), (SELECT l.id FROM "translation"."language" l WHERE l.iso_code LIKE 'de'));
INSERT INTO "translation"."translation" ("translation", text_content_id, language_id) VALUES('ciruela', (SELECT tc.id FROM "translation".text_content tc WHERE tc.original_text like 'plum'), (SELECT l.id FROM "translation"."language" l WHERE l.iso_code LIKE 'es'));
INSERT INTO "translation"."translation" ("translation", text_content_id, language_id) VALUES('prugna', (SELECT tc.id FROM "translation".text_content tc WHERE tc.original_text like 'plum'), (SELECT l.id FROM "translation"."language" l WHERE l.iso_code LIKE 'it'));
INSERT INTO "translation".text_content (original_text, language_id) VALUES('prune', (SELECT l.id FROM "translation"."language" l WHERE l.iso_code LIKE 'en'));
INSERT INTO item.item (uuid, "name", text_content_id) VALUES('70dbf696-cc8f-4ecc-8325-0ea93c39d626', 'prune', (SELECT tc.id FROM "translation".text_content tc WHERE tc.original_text like 'prune'));
INSERT INTO "translation"."translation" ("translation", text_content_id, language_id) VALUES('śliwka suszona', (SELECT tc.id FROM "translation".text_content tc WHERE tc.original_text like 'prune'), (SELECT l.id FROM "translation"."language" l WHERE l.iso_code LIKE 'pl'));
INSERT INTO "translation"."translation" ("translation", text_content_id, language_id) VALUES('pflaume (getrocknet)', (SELECT tc.id FROM "translation".text_content tc WHERE tc.original_text like 'prune'), (SELECT l.id FROM "translation"."language" l WHERE l.iso_code LIKE 'de'));
INSERT INTO "translation"."translation" ("translation", text_content_id, language_id) VALUES('ciruela pasa', (SELECT tc.id FROM "translation".text_content tc WHERE tc.original_text like 'prune'), (SELECT l.id FROM "translation"."language" l WHERE l.iso_code LIKE 'es'));
INSERT INTO "translation"."translation" ("translation", text_content_id, language_id) VALUES('prugna secca', (SELECT tc.id FROM "translation".text_content tc WHERE tc.original_text like 'prune'), (SELECT l.id FROM "translation"."language" l WHERE l.iso_code LIKE 'it'));
INSERT INTO "translation".text_content (original_text, language_id) VALUES('grape', (SELECT l.id FROM "translation"."language" l WHERE l.iso_code LIKE 'en'));
INSERT INTO item.item (uuid, "name", text_content_id) VALUES('326ace6c-2833-460f-89d5-60b7c0220b81', 'grape', (SELECT tc.id FROM "translation".text_content tc WHERE tc.original_text like 'grape'));
INSERT INTO "translation"."translation" ("translation", text_content_id, language_id) VALUES('winogrono', (SELECT tc.id FROM "translation".text_content tc WHERE tc.original_text like 'grape'), (SELECT l.id FROM "translation"."language" l WHERE l.iso_code LIKE 'pl'));
INSERT INTO "translation"."translation" ("translation", text_content_id, language_id) VALUES('traube', (SELECT tc.id FROM "translation".text_content tc WHERE tc.original_text like 'grape'), (SELECT l.id FROM "translation"."language" l WHERE l.iso_code LIKE 'de'));
INSERT INTO "translation"."translation" ("translation", text_content_id, language_id) VALUES('uva', (SELECT tc.id FROM "translation".text_content tc WHERE tc.original_text like 'grape'), (SELECT l.id FROM "translation"."language" l WHERE l.iso_code LIKE 'es'));
INSERT INTO "translation"."translation" ("translation", text_content_id, language_id) VALUES('uva', (SELECT tc.id FROM "translation".text_content tc WHERE tc.original_text like 'grape'), (SELECT l.id FROM "translation"."language" l WHERE l.iso_code LIKE 'it'));
INSERT INTO "translation".text_content (original_text, language_id) VALUES('mirabelle plum', (SELECT l.id FROM "translation"."language" l WHERE l.iso_code LIKE 'en'));
INSERT INTO item.item (uuid, "name", text_content_id) VALUES('ccae35c3-8c86-415b-a0d6-0adc9041811d', 'mirabelle plum', (SELECT tc.id FROM "translation".text_content tc WHERE tc.original_text like 'mirabelle plum'));
INSERT INTO "translation"."translation" ("translation", text_content_id, language_id) VALUES('śliwka mirabelka', (SELECT tc.id FROM "translation".text_content tc WHERE tc.original_text like 'mirabelle plum'), (SELECT l.id FROM "translation"."language" l WHERE l.iso_code LIKE 'pl'));
INSERT INTO "translation"."translation" ("translation", text_content_id, language_id) VALUES('mirabelle', (SELECT tc.id FROM "translation".text_content tc WHERE tc.original_text like 'mirabelle plum'), (SELECT l.id FROM "translation"."language" l WHERE l.iso_code LIKE 'de'));
INSERT INTO "translation"."translation" ("translation", text_content_id, language_id) VALUES('ciruela mirabel', (SELECT tc.id FROM "translation".text_content tc WHERE tc.original_text like 'mirabelle plum'), (SELECT l.id FROM "translation"."language" l WHERE l.iso_code LIKE 'es'));
INSERT INTO "translation"."translation" ("translation", text_content_id, language_id) VALUES('prugna mirabella', (SELECT tc.id FROM "translation".text_content tc WHERE tc.original_text like 'mirabelle plum'), (SELECT l.id FROM "translation"."language" l WHERE l.iso_code LIKE 'it'));
INSERT INTO "translation".text_content (original_text, language_id) VALUES('goji berry', (SELECT l.id FROM "translation"."language" l WHERE l.iso_code LIKE 'en'));
INSERT INTO item.item (uuid, "name", text_content_id) VALUES('a3d05095-c318-4fd4-949e-6229b0f15fce', 'goji berry', (SELECT tc.id FROM "translation".text_content tc WHERE tc.original_text like 'goji berry'));
INSERT INTO "translation"."translation" ("translation", text_content_id, language_id) VALUES('jagoda goji', (SELECT tc.id FROM "translation".text_content tc WHERE tc.original_text like 'goji berry'), (SELECT l.id FROM "translation"."language" l WHERE l.iso_code LIKE 'pl'));
INSERT INTO "translation"."translation" ("translation", text_content_id, language_id) VALUES('gojibeere', (SELECT tc.id FROM "translation".text_content tc WHERE tc.original_text like 'goji berry'), (SELECT l.id FROM "translation"."language" l WHERE l.iso_code LIKE 'de'));
INSERT INTO "translation"."translation" ("translation", text_content_id, language_id) VALUES('baya goji', (SELECT tc.id FROM "translation".text_content tc WHERE tc.original_text like 'goji berry'), (SELECT l.id FROM "translation"."language" l WHERE l.iso_code LIKE 'es'));
INSERT INTO "translation"."translation" ("translation", text_content_id, language_id) VALUES('bacca di goji', (SELECT tc.id FROM "translation".text_content tc WHERE tc.original_text like 'goji berry'), (SELECT l.id FROM "translation"."language" l WHERE l.iso_code LIKE 'it'));
INSERT INTO "translation".text_content (original_text, language_id) VALUES('blackcurrant', (SELECT l.id FROM "translation"."language" l WHERE l.iso_code LIKE 'en'));
INSERT INTO item.item (uuid, "name", text_content_id) VALUES('0a063e6e-4597-49ba-ac28-69360d391216', 'blackcurrant', (SELECT tc.id FROM "translation".text_content tc WHERE tc.original_text like 'blackcurrant'));
INSERT INTO "translation"."translation" ("translation", text_content_id, language_id) VALUES('czarna porzeczka', (SELECT tc.id FROM "translation".text_content tc WHERE tc.original_text like 'blackcurrant'), (SELECT l.id FROM "translation"."language" l WHERE l.iso_code LIKE 'pl'));
INSERT INTO "translation"."translation" ("translation", text_content_id, language_id) VALUES('schwarze johannisbeere', (SELECT tc.id FROM "translation".text_content tc WHERE tc.original_text like 'blackcurrant'), (SELECT l.id FROM "translation"."language" l WHERE l.iso_code LIKE 'de'));
INSERT INTO "translation"."translation" ("translation", text_content_id, language_id) VALUES('grosella negra', (SELECT tc.id FROM "translation".text_content tc WHERE tc.original_text like 'blackcurrant'), (SELECT l.id FROM "translation"."language" l WHERE l.iso_code LIKE 'es'));
INSERT INTO "translation"."translation" ("translation", text_content_id, language_id) VALUES('ribes nero', (SELECT tc.id FROM "translation".text_content tc WHERE tc.original_text like 'blackcurrant'), (SELECT l.id FROM "translation"."language" l WHERE l.iso_code LIKE 'it'));
INSERT INTO "translation".text_content (original_text, language_id) VALUES('redcurrant', (SELECT l.id FROM "translation"."language" l WHERE l.iso_code LIKE 'en'));
INSERT INTO item.item (uuid, "name", text_content_id) VALUES('4e96bf90-1afc-44e9-a5d5-1dd6980fcc72', 'redcurrant', (SELECT tc.id FROM "translation".text_content tc WHERE tc.original_text like 'redcurrant'));
INSERT INTO "translation"."translation" ("translation", text_content_id, language_id) VALUES('czerwona porzeczka', (SELECT tc.id FROM "translation".text_content tc WHERE tc.original_text like 'redcurrant'), (SELECT l.id FROM "translation"."language" l WHERE l.iso_code LIKE 'pl'));
INSERT INTO "translation"."translation" ("translation", text_content_id, language_id) VALUES('rote johannisbeere', (SELECT tc.id FROM "translation".text_content tc WHERE tc.original_text like 'redcurrant'), (SELECT l.id FROM "translation"."language" l WHERE l.iso_code LIKE 'de'));
INSERT INTO "translation"."translation" ("translation", text_content_id, language_id) VALUES('grosella roja', (SELECT tc.id FROM "translation".text_content tc WHERE tc.original_text like 'redcurrant'), (SELECT l.id FROM "translation"."language" l WHERE l.iso_code LIKE 'es'));
INSERT INTO "translation"."translation" ("translation", text_content_id, language_id) VALUES('ribes rosso', (SELECT tc.id FROM "translation".text_content tc WHERE tc.original_text like 'redcurrant'), (SELECT l.id FROM "translation"."language" l WHERE l.iso_code LIKE 'it'));
INSERT INTO "translation".text_content (original_text, language_id) VALUES('blackberry', (SELECT l.id FROM "translation"."language" l WHERE l.iso_code LIKE 'en'));
INSERT INTO item.item (uuid, "name", text_content_id) VALUES('668537aa-6d82-4dc5-b61b-10eb3495ee68', 'blackberry', (SELECT tc.id FROM "translation".text_content tc WHERE tc.original_text like 'blackberry'));
INSERT INTO "translation"."translation" ("translation", text_content_id, language_id) VALUES('malina jeżyna', (SELECT tc.id FROM "translation".text_content tc WHERE tc.original_text like 'blackberry'), (SELECT l.id FROM "translation"."language" l WHERE l.iso_code LIKE 'pl'));
INSERT INTO "translation"."translation" ("translation", text_content_id, language_id) VALUES('brombeere', (SELECT tc.id FROM "translation".text_content tc WHERE tc.original_text like 'blackberry'), (SELECT l.id FROM "translation"."language" l WHERE l.iso_code LIKE 'de'));
INSERT INTO "translation"."translation" ("translation", text_content_id, language_id) VALUES('mora', (SELECT tc.id FROM "translation".text_content tc WHERE tc.original_text like 'blackberry'), (SELECT l.id FROM "translation"."language" l WHERE l.iso_code LIKE 'es'));
INSERT INTO "translation"."translation" ("translation", text_content_id, language_id) VALUES('mora di rovo', (SELECT tc.id FROM "translation".text_content tc WHERE tc.original_text like 'blackberry'), (SELECT l.id FROM "translation"."language" l WHERE l.iso_code LIKE 'it'));
INSERT INTO "translation".text_content (original_text, language_id) VALUES('wild strawberry', (SELECT l.id FROM "translation"."language" l WHERE l.iso_code LIKE 'en'));
INSERT INTO item.item (uuid, "name", text_content_id) VALUES('f94e2c9d-d8e6-4796-b9eb-ac488e606fe5', 'wild strawberry', (SELECT tc.id FROM "translation".text_content tc WHERE tc.original_text like 'wild strawberry'));
INSERT INTO "translation"."translation" ("translation", text_content_id, language_id) VALUES('truskawka poziomka', (SELECT tc.id FROM "translation".text_content tc WHERE tc.original_text like 'wild strawberry'), (SELECT l.id FROM "translation"."language" l WHERE l.iso_code LIKE 'pl'));
INSERT INTO "translation"."translation" ("translation", text_content_id, language_id) VALUES('walderdbeere', (SELECT tc.id FROM "translation".text_content tc WHERE tc.original_text like 'wild strawberry'), (SELECT l.id FROM "translation"."language" l WHERE l.iso_code LIKE 'de'));
INSERT INTO "translation"."translation" ("translation", text_content_id, language_id) VALUES('fresa silvestre', (SELECT tc.id FROM "translation".text_content tc WHERE tc.original_text like 'wild strawberry'), (SELECT l.id FROM "translation"."language" l WHERE l.iso_code LIKE 'es'));
INSERT INTO "translation"."translation" ("translation", text_content_id, language_id) VALUES('fragola di bosco', (SELECT tc.id FROM "translation".text_content tc WHERE tc.original_text like 'wild strawberry'), (SELECT l.id FROM "translation"."language" l WHERE l.iso_code LIKE 'it'));
INSERT INTO "translation".text_content (original_text, language_id) VALUES('black plum', (SELECT l.id FROM "translation"."language" l WHERE l.iso_code LIKE 'en'));
INSERT INTO item.item (uuid, "name", text_content_id) VALUES('ba1373f4-ca3c-49d1-9617-64768a0c37f2', 'black plum', (SELECT tc.id FROM "translation".text_content tc WHERE tc.original_text like 'black plum'));
INSERT INTO "translation"."translation" ("translation", text_content_id, language_id) VALUES('śliwka czarna', (SELECT tc.id FROM "translation".text_content tc WHERE tc.original_text like 'black plum'), (SELECT l.id FROM "translation"."language" l WHERE l.iso_code LIKE 'pl'));
INSERT INTO "translation"."translation" ("translation", text_content_id, language_id) VALUES('schwarze pflaume', (SELECT tc.id FROM "translation".text_content tc WHERE tc.original_text like 'black plum'), (SELECT l.id FROM "translation"."language" l WHERE l.iso_code LIKE 'de'));
INSERT INTO "translation"."translation" ("translation", text_content_id, language_id) VALUES('ciruela negra', (SELECT tc.id FROM "translation".text_content tc WHERE tc.original_text like 'black plum'), (SELECT l.id FROM "translation"."language" l WHERE l.iso_code LIKE 'es'));
INSERT INTO "translation"."translation" ("translation", text_content_id, language_id) VALUES('prugna nera', (SELECT tc.id FROM "translation".text_content tc WHERE tc.original_text like 'black plum'), (SELECT l.id FROM "translation"."language" l WHERE l.iso_code LIKE 'it'));
INSERT INTO "translation".text_content (original_text, language_id) VALUES('green kiwi', (SELECT l.id FROM "translation"."language" l WHERE l.iso_code LIKE 'en'));
INSERT INTO item.item (uuid, "name", text_content_id) VALUES('28ee0aca-7e7b-42fb-905b-8f3108f107ff', 'green kiwi', (SELECT tc.id FROM "translation".text_content tc WHERE tc.original_text like 'green kiwi'));
INSERT INTO "translation"."translation" ("translation", text_content_id, language_id) VALUES('kiwi zielone', (SELECT tc.id FROM "translation".text_content tc WHERE tc.original_text like 'green kiwi'), (SELECT l.id FROM "translation"."language" l WHERE l.iso_code LIKE 'pl'));
INSERT INTO "translation"."translation" ("translation", text_content_id, language_id) VALUES('grüne kiwi', (SELECT tc.id FROM "translation".text_content tc WHERE tc.original_text like 'green kiwi'), (SELECT l.id FROM "translation"."language" l WHERE l.iso_code LIKE 'de'));
INSERT INTO "translation"."translation" ("translation", text_content_id, language_id) VALUES('kiwi verde', (SELECT tc.id FROM "translation".text_content tc WHERE tc.original_text like 'green kiwi'), (SELECT l.id FROM "translation"."language" l WHERE l.iso_code LIKE 'es'));
INSERT INTO "translation"."translation" ("translation", text_content_id, language_id) VALUES('kiwi verde', (SELECT tc.id FROM "translation".text_content tc WHERE tc.original_text like 'green kiwi'), (SELECT l.id FROM "translation"."language" l WHERE l.iso_code LIKE 'it'));
INSERT INTO "translation".text_content (original_text, language_id) VALUES('golden kiwi', (SELECT l.id FROM "translation"."language" l WHERE l.iso_code LIKE 'en'));
INSERT INTO item.item (uuid, "name", text_content_id) VALUES('97d73e54-68f1-4eb3-98e8-cc5bf0798f70', 'golden kiwi', (SELECT tc.id FROM "translation".text_content tc WHERE tc.original_text like 'golden kiwi'));
INSERT INTO "translation"."translation" ("translation", text_content_id, language_id) VALUES('kiwi złote', (SELECT tc.id FROM "translation".text_content tc WHERE tc.original_text like 'golden kiwi'), (SELECT l.id FROM "translation"."language" l WHERE l.iso_code LIKE 'pl'));
INSERT INTO "translation"."translation" ("translation", text_content_id, language_id) VALUES('goldene kiwi', (SELECT tc.id FROM "translation".text_content tc WHERE tc.original_text like 'golden kiwi'), (SELECT l.id FROM "translation"."language" l WHERE l.iso_code LIKE 'de'));
INSERT INTO "translation"."translation" ("translation", text_content_id, language_id) VALUES('kiwi dorado', (SELECT tc.id FROM "translation".text_content tc WHERE tc.original_text like 'golden kiwi'), (SELECT l.id FROM "translation"."language" l WHERE l.iso_code LIKE 'es'));
INSERT INTO "translation"."translation" ("translation", text_content_id, language_id) VALUES('kiwi giallo', (SELECT tc.id FROM "translation".text_content tc WHERE tc.original_text like 'golden kiwi'), (SELECT l.id FROM "translation"."language" l WHERE l.iso_code LIKE 'it'));
INSERT INTO "translation".text_content (original_text, language_id) VALUES('plantain', (SELECT l.id FROM "translation"."language" l WHERE l.iso_code LIKE 'en'));
INSERT INTO item.item (uuid, "name", text_content_id) VALUES('8e68871d-b554-40df-8552-9934c60581c1', 'plantain', (SELECT tc.id FROM "translation".text_content tc WHERE tc.original_text like 'plantain'));
INSERT INTO "translation"."translation" ("translation", text_content_id, language_id) VALUES('banan plantain', (SELECT tc.id FROM "translation".text_content tc WHERE tc.original_text like 'plantain'), (SELECT l.id FROM "translation"."language" l WHERE l.iso_code LIKE 'pl'));
INSERT INTO "translation"."translation" ("translation", text_content_id, language_id) VALUES('kochbanane', (SELECT tc.id FROM "translation".text_content tc WHERE tc.original_text like 'plantain'), (SELECT l.id FROM "translation"."language" l WHERE l.iso_code LIKE 'de'));
INSERT INTO "translation"."translation" ("translation", text_content_id, language_id) VALUES('plátano macho', (SELECT tc.id FROM "translation".text_content tc WHERE tc.original_text like 'plantain'), (SELECT l.id FROM "translation"."language" l WHERE l.iso_code LIKE 'es'));
INSERT INTO "translation"."translation" ("translation", text_content_id, language_id) VALUES('banana platano', (SELECT tc.id FROM "translation".text_content tc WHERE tc.original_text like 'plantain'), (SELECT l.id FROM "translation"."language" l WHERE l.iso_code LIKE 'it'));
INSERT INTO "translation".text_content (original_text, language_id) VALUES('lady finger banana', (SELECT l.id FROM "translation"."language" l WHERE l.iso_code LIKE 'en'));
INSERT INTO item.item (uuid, "name", text_content_id) VALUES('750a5e53-585a-4fcb-9f8a-6d96dd1938f4', 'lady finger banana', (SELECT tc.id FROM "translation".text_content tc WHERE tc.original_text like 'lady finger banana'));
INSERT INTO "translation"."translation" ("translation", text_content_id, language_id) VALUES('banan lady finger', (SELECT tc.id FROM "translation".text_content tc WHERE tc.original_text like 'lady finger banana'), (SELECT l.id FROM "translation"."language" l WHERE l.iso_code LIKE 'pl'));
INSERT INTO "translation"."translation" ("translation", text_content_id, language_id) VALUES('lady-finger-banane', (SELECT tc.id FROM "translation".text_content tc WHERE tc.original_text like 'lady finger banana'), (SELECT l.id FROM "translation"."language" l WHERE l.iso_code LIKE 'de'));
INSERT INTO "translation"."translation" ("translation", text_content_id, language_id) VALUES('plátano de dedo', (SELECT tc.id FROM "translation".text_content tc WHERE tc.original_text like 'lady finger banana'), (SELECT l.id FROM "translation"."language" l WHERE l.iso_code LIKE 'es'));
INSERT INTO "translation"."translation" ("translation", text_content_id, language_id) VALUES('banana lady finger', (SELECT tc.id FROM "translation".text_content tc WHERE tc.original_text like 'lady finger banana'), (SELECT l.id FROM "translation"."language" l WHERE l.iso_code LIKE 'it'));
INSERT INTO "translation".text_content (original_text, language_id) VALUES('red banana', (SELECT l.id FROM "translation"."language" l WHERE l.iso_code LIKE 'en'));
INSERT INTO item.item (uuid, "name", text_content_id) VALUES('f1e3c9f7-a5e4-4de1-b365-8c7af00fc5aa', 'red banana', (SELECT tc.id FROM "translation".text_content tc WHERE tc.original_text like 'red banana'));
INSERT INTO "translation"."translation" ("translation", text_content_id, language_id) VALUES('banan czerwony', (SELECT tc.id FROM "translation".text_content tc WHERE tc.original_text like 'red banana'), (SELECT l.id FROM "translation"."language" l WHERE l.iso_code LIKE 'pl'));
INSERT INTO "translation"."translation" ("translation", text_content_id, language_id) VALUES('rote banane', (SELECT tc.id FROM "translation".text_content tc WHERE tc.original_text like 'red banana'), (SELECT l.id FROM "translation"."language" l WHERE l.iso_code LIKE 'de'));
INSERT INTO "translation"."translation" ("translation", text_content_id, language_id) VALUES('plátano rojo', (SELECT tc.id FROM "translation".text_content tc WHERE tc.original_text like 'red banana'), (SELECT l.id FROM "translation"."language" l WHERE l.iso_code LIKE 'es'));
INSERT INTO "translation"."translation" ("translation", text_content_id, language_id) VALUES('banana rossa', (SELECT tc.id FROM "translation".text_content tc WHERE tc.original_text like 'red banana'), (SELECT l.id FROM "translation"."language" l WHERE l.iso_code LIKE 'it'));
INSERT INTO "translation".text_content (original_text, language_id) VALUES('coconut', (SELECT l.id FROM "translation"."language" l WHERE l.iso_code LIKE 'en'));
INSERT INTO item.item (uuid, "name", text_content_id) VALUES('e1f63824-c359-465e-98ed-0325449cafed', 'coconut', (SELECT tc.id FROM "translation".text_content tc WHERE tc.original_text like 'coconut'));
INSERT INTO "translation"."translation" ("translation", text_content_id, language_id) VALUES('kokos', (SELECT tc.id FROM "translation".text_content tc WHERE tc.original_text like 'coconut'), (SELECT l.id FROM "translation"."language" l WHERE l.iso_code LIKE 'pl'));
INSERT INTO "translation"."translation" ("translation", text_content_id, language_id) VALUES('kokosnuss', (SELECT tc.id FROM "translation".text_content tc WHERE tc.original_text like 'coconut'), (SELECT l.id FROM "translation"."language" l WHERE l.iso_code LIKE 'de'));
INSERT INTO "translation"."translation" ("translation", text_content_id, language_id) VALUES('coco', (SELECT tc.id FROM "translation".text_content tc WHERE tc.original_text like 'coconut'), (SELECT l.id FROM "translation"."language" l WHERE l.iso_code LIKE 'es'));
INSERT INTO "translation"."translation" ("translation", text_content_id, language_id) VALUES('cocco', (SELECT tc.id FROM "translation".text_content tc WHERE tc.original_text like 'coconut'), (SELECT l.id FROM "translation"."language" l WHERE l.iso_code LIKE 'it'));
INSERT INTO "translation".text_content (original_text, language_id) VALUES('pineapple', (SELECT l.id FROM "translation"."language" l WHERE l.iso_code LIKE 'en'));
INSERT INTO item.item (uuid, "name", text_content_id) VALUES('6a3ca900-33d8-4d1a-bb90-0015cc104899', 'pineapple', (SELECT tc.id FROM "translation".text_content tc WHERE tc.original_text like 'pineapple'));
INSERT INTO "translation"."translation" ("translation", text_content_id, language_id) VALUES('ananas', (SELECT tc.id FROM "translation".text_content tc WHERE tc.original_text like 'pineapple'), (SELECT l.id FROM "translation"."language" l WHERE l.iso_code LIKE 'pl'));
INSERT INTO "translation"."translation" ("translation", text_content_id, language_id) VALUES('ananas', (SELECT tc.id FROM "translation".text_content tc WHERE tc.original_text like 'pineapple'), (SELECT l.id FROM "translation"."language" l WHERE l.iso_code LIKE 'de'));
INSERT INTO "translation"."translation" ("translation", text_content_id, language_id) VALUES('piña', (SELECT tc.id FROM "translation".text_content tc WHERE tc.original_text like 'pineapple'), (SELECT l.id FROM "translation"."language" l WHERE l.iso_code LIKE 'es'));
INSERT INTO "translation"."translation" ("translation", text_content_id, language_id) VALUES('ananas', (SELECT tc.id FROM "translation".text_content tc WHERE tc.original_text like 'pineapple'), (SELECT l.id FROM "translation"."language" l WHERE l.iso_code LIKE 'it'));
INSERT INTO "translation".text_content (original_text, language_id) VALUES('green mango', (SELECT l.id FROM "translation"."language" l WHERE l.iso_code LIKE 'en'));
INSERT INTO item.item (uuid, "name", text_content_id) VALUES('33597536-2fda-4ecd-8e81-23eb42b3655c', 'green mango', (SELECT tc.id FROM "translation".text_content tc WHERE tc.original_text like 'green mango'));
INSERT INTO "translation"."translation" ("translation", text_content_id, language_id) VALUES('mango zielone', (SELECT tc.id FROM "translation".text_content tc WHERE tc.original_text like 'green mango'), (SELECT l.id FROM "translation"."language" l WHERE l.iso_code LIKE 'pl'));
INSERT INTO "translation"."translation" ("translation", text_content_id, language_id) VALUES('grüner mango', (SELECT tc.id FROM "translation".text_content tc WHERE tc.original_text like 'green mango'), (SELECT l.id FROM "translation"."language" l WHERE l.iso_code LIKE 'de'));
INSERT INTO "translation"."translation" ("translation", text_content_id, language_id) VALUES('mango verde', (SELECT tc.id FROM "translation".text_content tc WHERE tc.original_text like 'green mango'), (SELECT l.id FROM "translation"."language" l WHERE l.iso_code LIKE 'es'));
INSERT INTO "translation"."translation" ("translation", text_content_id, language_id) VALUES('mango verde', (SELECT tc.id FROM "translation".text_content tc WHERE tc.original_text like 'green mango'), (SELECT l.id FROM "translation"."language" l WHERE l.iso_code LIKE 'it'));
INSERT INTO "translation".text_content (original_text, language_id) VALUES('red mango', (SELECT l.id FROM "translation"."language" l WHERE l.iso_code LIKE 'en'));
INSERT INTO item.item (uuid, "name", text_content_id) VALUES('2040405c-4b0c-428e-83c1-c7fd78f211e7', 'red mango', (SELECT tc.id FROM "translation".text_content tc WHERE tc.original_text like 'red mango'));
INSERT INTO "translation"."translation" ("translation", text_content_id, language_id) VALUES('mango czerwone', (SELECT tc.id FROM "translation".text_content tc WHERE tc.original_text like 'red mango'), (SELECT l.id FROM "translation"."language" l WHERE l.iso_code LIKE 'pl'));
INSERT INTO "translation"."translation" ("translation", text_content_id, language_id) VALUES('roter mango', (SELECT tc.id FROM "translation".text_content tc WHERE tc.original_text like 'red mango'), (SELECT l.id FROM "translation"."language" l WHERE l.iso_code LIKE 'de'));
INSERT INTO "translation"."translation" ("translation", text_content_id, language_id) VALUES('mango rojo', (SELECT tc.id FROM "translation".text_content tc WHERE tc.original_text like 'red mango'), (SELECT l.id FROM "translation"."language" l WHERE l.iso_code LIKE 'es'));
INSERT INTO "translation"."translation" ("translation", text_content_id, language_id) VALUES('mango rosso', (SELECT tc.id FROM "translation".text_content tc WHERE tc.original_text like 'red mango'), (SELECT l.id FROM "translation"."language" l WHERE l.iso_code LIKE 'it'));
INSERT INTO "translation".text_content (original_text, language_id) VALUES('bread', (SELECT l.id FROM "translation"."language" l WHERE l.iso_code LIKE 'en'));
INSERT INTO item.item (uuid, "name", text_content_id) VALUES('cf45b35b-47db-43d5-9828-27daaa05c5f7', 'bread', (SELECT tc.id FROM "translation".text_content tc WHERE tc.original_text like 'bread'));
INSERT INTO "translation"."translation" ("translation", text_content_id, language_id) VALUES('chleb', (SELECT tc.id FROM "translation".text_content tc WHERE tc.original_text like 'bread'), (SELECT l.id FROM "translation"."language" l WHERE l.iso_code LIKE 'pl'));
INSERT INTO "translation"."translation" ("translation", text_content_id, language_id) VALUES('brot', (SELECT tc.id FROM "translation".text_content tc WHERE tc.original_text like 'bread'), (SELECT l.id FROM "translation"."language" l WHERE l.iso_code LIKE 'de'));
INSERT INTO "translation"."translation" ("translation", text_content_id, language_id) VALUES('pan', (SELECT tc.id FROM "translation".text_content tc WHERE tc.original_text like 'bread'), (SELECT l.id FROM "translation"."language" l WHERE l.iso_code LIKE 'es'));
INSERT INTO "translation"."translation" ("translation", text_content_id, language_id) VALUES('pane', (SELECT tc.id FROM "translation".text_content tc WHERE tc.original_text like 'bread'), (SELECT l.id FROM "translation"."language" l WHERE l.iso_code LIKE 'it'));
INSERT INTO "translation".text_content (original_text, language_id) VALUES('roll', (SELECT l.id FROM "translation"."language" l WHERE l.iso_code LIKE 'en'));
INSERT INTO item.item (uuid, "name", text_content_id) VALUES('af499dbd-2cc1-47f6-b90a-9a752e936688', 'roll', (SELECT tc.id FROM "translation".text_content tc WHERE tc.original_text like 'roll'));
INSERT INTO "translation"."translation" ("translation", text_content_id, language_id) VALUES('bułka', (SELECT tc.id FROM "translation".text_content tc WHERE tc.original_text like 'roll'), (SELECT l.id FROM "translation"."language" l WHERE l.iso_code LIKE 'pl'));
INSERT INTO "translation"."translation" ("translation", text_content_id, language_id) VALUES('brötchen', (SELECT tc.id FROM "translation".text_content tc WHERE tc.original_text like 'roll'), (SELECT l.id FROM "translation"."language" l WHERE l.iso_code LIKE 'de'));
INSERT INTO "translation"."translation" ("translation", text_content_id, language_id) VALUES('panecillo', (SELECT tc.id FROM "translation".text_content tc WHERE tc.original_text like 'roll'), (SELECT l.id FROM "translation"."language" l WHERE l.iso_code LIKE 'es'));
INSERT INTO "translation"."translation" ("translation", text_content_id, language_id) VALUES('panino', (SELECT tc.id FROM "translation".text_content tc WHERE tc.original_text like 'roll'), (SELECT l.id FROM "translation"."language" l WHERE l.iso_code LIKE 'it'));
INSERT INTO "translation".text_content (original_text, language_id) VALUES('yellow cheese', (SELECT l.id FROM "translation"."language" l WHERE l.iso_code LIKE 'en'));
INSERT INTO item.item (uuid, "name", text_content_id) VALUES('c893d3fb-3197-4048-b67c-e65154ff7f2b', 'yellow cheese', (SELECT tc.id FROM "translation".text_content tc WHERE tc.original_text like 'yellow cheese'));
INSERT INTO "translation"."translation" ("translation", text_content_id, language_id) VALUES('ser żółty', (SELECT tc.id FROM "translation".text_content tc WHERE tc.original_text like 'yellow cheese'), (SELECT l.id FROM "translation"."language" l WHERE l.iso_code LIKE 'pl'));
INSERT INTO "translation"."translation" ("translation", text_content_id, language_id) VALUES('gouda-käse', (SELECT tc.id FROM "translation".text_content tc WHERE tc.original_text like 'yellow cheese'), (SELECT l.id FROM "translation"."language" l WHERE l.iso_code LIKE 'de'));
INSERT INTO "translation"."translation" ("translation", text_content_id, language_id) VALUES('queso amarillo', (SELECT tc.id FROM "translation".text_content tc WHERE tc.original_text like 'yellow cheese'), (SELECT l.id FROM "translation"."language" l WHERE l.iso_code LIKE 'es'));
INSERT INTO "translation"."translation" ("translation", text_content_id, language_id) VALUES('formaggio giallo', (SELECT tc.id FROM "translation".text_content tc WHERE tc.original_text like 'yellow cheese'), (SELECT l.id FROM "translation"."language" l WHERE l.iso_code LIKE 'it'));
INSERT INTO "translation".text_content (original_text, language_id) VALUES('blue cheese', (SELECT l.id FROM "translation"."language" l WHERE l.iso_code LIKE 'en'));
INSERT INTO item.item (uuid, "name", text_content_id) VALUES('cb232934-aabd-48f2-994c-782b36a6ab8d', 'blue cheese', (SELECT tc.id FROM "translation".text_content tc WHERE tc.original_text like 'blue cheese'));
INSERT INTO "translation"."translation" ("translation", text_content_id, language_id) VALUES('ser pleśniowy', (SELECT tc.id FROM "translation".text_content tc WHERE tc.original_text like 'blue cheese'), (SELECT l.id FROM "translation"."language" l WHERE l.iso_code LIKE 'pl'));
INSERT INTO "translation"."translation" ("translation", text_content_id, language_id) VALUES('blauschimmelkäse', (SELECT tc.id FROM "translation".text_content tc WHERE tc.original_text like 'blue cheese'), (SELECT l.id FROM "translation"."language" l WHERE l.iso_code LIKE 'de'));
INSERT INTO "translation"."translation" ("translation", text_content_id, language_id) VALUES('queso azul', (SELECT tc.id FROM "translation".text_content tc WHERE tc.original_text like 'blue cheese'), (SELECT l.id FROM "translation"."language" l WHERE l.iso_code LIKE 'es'));
INSERT INTO "translation"."translation" ("translation", text_content_id, language_id) VALUES('formaggio azzurro', (SELECT tc.id FROM "translation".text_content tc WHERE tc.original_text like 'blue cheese'), (SELECT l.id FROM "translation"."language" l WHERE l.iso_code LIKE 'it'));
INSERT INTO "translation".text_content (original_text, language_id) VALUES('butter', (SELECT l.id FROM "translation"."language" l WHERE l.iso_code LIKE 'en'));
INSERT INTO item.item (uuid, "name", text_content_id) VALUES('77ab96d9-0c48-4fef-8763-5df1e02f819f', 'butter', (SELECT tc.id FROM "translation".text_content tc WHERE tc.original_text like 'butter'));
INSERT INTO "translation"."translation" ("translation", text_content_id, language_id) VALUES('masło', (SELECT tc.id FROM "translation".text_content tc WHERE tc.original_text like 'butter'), (SELECT l.id FROM "translation"."language" l WHERE l.iso_code LIKE 'pl'));
INSERT INTO "translation"."translation" ("translation", text_content_id, language_id) VALUES('butter', (SELECT tc.id FROM "translation".text_content tc WHERE tc.original_text like 'butter'), (SELECT l.id FROM "translation"."language" l WHERE l.iso_code LIKE 'de'));
INSERT INTO "translation"."translation" ("translation", text_content_id, language_id) VALUES('mantequilla', (SELECT tc.id FROM "translation".text_content tc WHERE tc.original_text like 'butter'), (SELECT l.id FROM "translation"."language" l WHERE l.iso_code LIKE 'es'));
INSERT INTO "translation"."translation" ("translation", text_content_id, language_id) VALUES('burro', (SELECT tc.id FROM "translation".text_content tc WHERE tc.original_text like 'butter'), (SELECT l.id FROM "translation"."language" l WHERE l.iso_code LIKE 'it'));
INSERT INTO "translation".text_content (original_text, language_id) VALUES('eggs', (SELECT l.id FROM "translation"."language" l WHERE l.iso_code LIKE 'en'));
INSERT INTO item.item (uuid, "name", text_content_id) VALUES('988abe47-f69d-438f-abcd-2b47ffbc2620', 'eggs', (SELECT tc.id FROM "translation".text_content tc WHERE tc.original_text like 'eggs'));
INSERT INTO "translation"."translation" ("translation", text_content_id, language_id) VALUES('jajka', (SELECT tc.id FROM "translation".text_content tc WHERE tc.original_text like 'eggs'), (SELECT l.id FROM "translation"."language" l WHERE l.iso_code LIKE 'pl'));
INSERT INTO "translation"."translation" ("translation", text_content_id, language_id) VALUES('eier', (SELECT tc.id FROM "translation".text_content tc WHERE tc.original_text like 'eggs'), (SELECT l.id FROM "translation"."language" l WHERE l.iso_code LIKE 'de'));
INSERT INTO "translation"."translation" ("translation", text_content_id, language_id) VALUES('huevos', (SELECT tc.id FROM "translation".text_content tc WHERE tc.original_text like 'eggs'), (SELECT l.id FROM "translation"."language" l WHERE l.iso_code LIKE 'es'));
INSERT INTO "translation"."translation" ("translation", text_content_id, language_id) VALUES('uova', (SELECT tc.id FROM "translation".text_content tc WHERE tc.original_text like 'eggs'), (SELECT l.id FROM "translation"."language" l WHERE l.iso_code LIKE 'it'));
INSERT INTO "translation".text_content (original_text, language_id) VALUES('ham', (SELECT l.id FROM "translation"."language" l WHERE l.iso_code LIKE 'en'));
INSERT INTO item.item (uuid, "name", text_content_id) VALUES('4bf5e3b3-144c-4d53-aebe-65f65df95632', 'ham', (SELECT tc.id FROM "translation".text_content tc WHERE tc.original_text like 'ham'));
INSERT INTO "translation"."translation" ("translation", text_content_id, language_id) VALUES('szynka', (SELECT tc.id FROM "translation".text_content tc WHERE tc.original_text like 'ham'), (SELECT l.id FROM "translation"."language" l WHERE l.iso_code LIKE 'pl'));
INSERT INTO "translation"."translation" ("translation", text_content_id, language_id) VALUES('schinken', (SELECT tc.id FROM "translation".text_content tc WHERE tc.original_text like 'ham'), (SELECT l.id FROM "translation"."language" l WHERE l.iso_code LIKE 'de'));
INSERT INTO "translation"."translation" ("translation", text_content_id, language_id) VALUES('jamón', (SELECT tc.id FROM "translation".text_content tc WHERE tc.original_text like 'ham'), (SELECT l.id FROM "translation"."language" l WHERE l.iso_code LIKE 'es'));
INSERT INTO "translation"."translation" ("translation", text_content_id, language_id) VALUES('prosciutto', (SELECT tc.id FROM "translation".text_content tc WHERE tc.original_text like 'ham'), (SELECT l.id FROM "translation"."language" l WHERE l.iso_code LIKE 'it'));
INSERT INTO "translation".text_content (original_text, language_id) VALUES('sausage', (SELECT l.id FROM "translation"."language" l WHERE l.iso_code LIKE 'en'));
INSERT INTO item.item (uuid, "name", text_content_id) VALUES('99b61790-d8d8-43e8-9cf3-3a87a05f1bb9', 'sausage', (SELECT tc.id FROM "translation".text_content tc WHERE tc.original_text like 'sausage'));
INSERT INTO "translation"."translation" ("translation", text_content_id, language_id) VALUES('kiełbasa', (SELECT tc.id FROM "translation".text_content tc WHERE tc.original_text like 'sausage'), (SELECT l.id FROM "translation"."language" l WHERE l.iso_code LIKE 'pl'));
INSERT INTO "translation"."translation" ("translation", text_content_id, language_id) VALUES('wurst', (SELECT tc.id FROM "translation".text_content tc WHERE tc.original_text like 'sausage'), (SELECT l.id FROM "translation"."language" l WHERE l.iso_code LIKE 'de'));
INSERT INTO "translation"."translation" ("translation", text_content_id, language_id) VALUES('salchicha', (SELECT tc.id FROM "translation".text_content tc WHERE tc.original_text like 'sausage'), (SELECT l.id FROM "translation"."language" l WHERE l.iso_code LIKE 'es'));
INSERT INTO "translation"."translation" ("translation", text_content_id, language_id) VALUES('salsiccia', (SELECT tc.id FROM "translation".text_content tc WHERE tc.original_text like 'sausage'), (SELECT l.id FROM "translation"."language" l WHERE l.iso_code LIKE 'it'));
INSERT INTO "translation".text_content (original_text, language_id) VALUES('rice', (SELECT l.id FROM "translation"."language" l WHERE l.iso_code LIKE 'en'));
INSERT INTO item.item (uuid, "name", text_content_id) VALUES('63e78176-e69b-4863-adda-6424260e9c5b', 'rice', (SELECT tc.id FROM "translation".text_content tc WHERE tc.original_text like 'rice'));
INSERT INTO "translation"."translation" ("translation", text_content_id, language_id) VALUES('ryż', (SELECT tc.id FROM "translation".text_content tc WHERE tc.original_text like 'rice'), (SELECT l.id FROM "translation"."language" l WHERE l.iso_code LIKE 'pl'));
INSERT INTO "translation"."translation" ("translation", text_content_id, language_id) VALUES('reis', (SELECT tc.id FROM "translation".text_content tc WHERE tc.original_text like 'rice'), (SELECT l.id FROM "translation"."language" l WHERE l.iso_code LIKE 'de'));
INSERT INTO "translation"."translation" ("translation", text_content_id, language_id) VALUES('arroz', (SELECT tc.id FROM "translation".text_content tc WHERE tc.original_text like 'rice'), (SELECT l.id FROM "translation"."language" l WHERE l.iso_code LIKE 'es'));
INSERT INTO "translation"."translation" ("translation", text_content_id, language_id) VALUES('riso', (SELECT tc.id FROM "translation".text_content tc WHERE tc.original_text like 'rice'), (SELECT l.id FROM "translation"."language" l WHERE l.iso_code LIKE 'it'));
INSERT INTO "translation".text_content (original_text, language_id) VALUES('spaghetti', (SELECT l.id FROM "translation"."language" l WHERE l.iso_code LIKE 'en'));
INSERT INTO item.item (uuid, "name", text_content_id) VALUES('826b5327-ef58-4385-9bff-4b264064c16d', 'spaghetti', (SELECT tc.id FROM "translation".text_content tc WHERE tc.original_text like 'spaghetti'));
INSERT INTO "translation"."translation" ("translation", text_content_id, language_id) VALUES('makaron', (SELECT tc.id FROM "translation".text_content tc WHERE tc.original_text like 'spaghetti'), (SELECT l.id FROM "translation"."language" l WHERE l.iso_code LIKE 'pl'));
INSERT INTO "translation"."translation" ("translation", text_content_id, language_id) VALUES('spaghetti', (SELECT tc.id FROM "translation".text_content tc WHERE tc.original_text like 'spaghetti'), (SELECT l.id FROM "translation"."language" l WHERE l.iso_code LIKE 'de'));
INSERT INTO "translation"."translation" ("translation", text_content_id, language_id) VALUES('espagueti', (SELECT tc.id FROM "translation".text_content tc WHERE tc.original_text like 'spaghetti'), (SELECT l.id FROM "translation"."language" l WHERE l.iso_code LIKE 'es'));
INSERT INTO "translation"."translation" ("translation", text_content_id, language_id) VALUES('spaghetti', (SELECT tc.id FROM "translation".text_content tc WHERE tc.original_text like 'spaghetti'), (SELECT l.id FROM "translation"."language" l WHERE l.iso_code LIKE 'it'));
INSERT INTO "translation".text_content (original_text, language_id) VALUES('tomato', (SELECT l.id FROM "translation"."language" l WHERE l.iso_code LIKE 'en'));
INSERT INTO item.item (uuid, "name", text_content_id) VALUES('a797ad13-a91c-4975-997b-c0b54c1b3c68', 'tomato', (SELECT tc.id FROM "translation".text_content tc WHERE tc.original_text like 'tomato'));
INSERT INTO "translation"."translation" ("translation", text_content_id, language_id) VALUES('pomidor', (SELECT tc.id FROM "translation".text_content tc WHERE tc.original_text like 'tomato'), (SELECT l.id FROM "translation"."language" l WHERE l.iso_code LIKE 'pl'));
INSERT INTO "translation"."translation" ("translation", text_content_id, language_id) VALUES('tomate', (SELECT tc.id FROM "translation".text_content tc WHERE tc.original_text like 'tomato'), (SELECT l.id FROM "translation"."language" l WHERE l.iso_code LIKE 'de'));
INSERT INTO "translation"."translation" ("translation", text_content_id, language_id) VALUES('tomate', (SELECT tc.id FROM "translation".text_content tc WHERE tc.original_text like 'tomato'), (SELECT l.id FROM "translation"."language" l WHERE l.iso_code LIKE 'es'));
INSERT INTO "translation"."translation" ("translation", text_content_id, language_id) VALUES('pomodoro', (SELECT tc.id FROM "translation".text_content tc WHERE tc.original_text like 'tomato'), (SELECT l.id FROM "translation"."language" l WHERE l.iso_code LIKE 'it'));
INSERT INTO "translation".text_content (original_text, language_id) VALUES('cucumber', (SELECT l.id FROM "translation"."language" l WHERE l.iso_code LIKE 'en'));
INSERT INTO item.item (uuid, "name", text_content_id) VALUES('a8f8bc12-428d-432e-9b97-ab9951b08887', 'cucumber', (SELECT tc.id FROM "translation".text_content tc WHERE tc.original_text like 'cucumber'));
INSERT INTO "translation"."translation" ("translation", text_content_id, language_id) VALUES('ogórek', (SELECT tc.id FROM "translation".text_content tc WHERE tc.original_text like 'cucumber'), (SELECT l.id FROM "translation"."language" l WHERE l.iso_code LIKE 'pl'));
INSERT INTO "translation"."translation" ("translation", text_content_id, language_id) VALUES('gurke', (SELECT tc.id FROM "translation".text_content tc WHERE tc.original_text like 'cucumber'), (SELECT l.id FROM "translation"."language" l WHERE l.iso_code LIKE 'de'));
INSERT INTO "translation"."translation" ("translation", text_content_id, language_id) VALUES('pepino', (SELECT tc.id FROM "translation".text_content tc WHERE tc.original_text like 'cucumber'), (SELECT l.id FROM "translation"."language" l WHERE l.iso_code LIKE 'es'));
INSERT INTO "translation"."translation" ("translation", text_content_id, language_id) VALUES('cetriolo', (SELECT tc.id FROM "translation".text_content tc WHERE tc.original_text like 'cucumber'), (SELECT l.id FROM "translation"."language" l WHERE l.iso_code LIKE 'it'));
INSERT INTO "translation".text_content (original_text, language_id) VALUES('onion', (SELECT l.id FROM "translation"."language" l WHERE l.iso_code LIKE 'en'));
INSERT INTO item.item (uuid, "name", text_content_id) VALUES('9c1e03ed-3b5a-49fa-a034-b9fb5892dc06', 'onion', (SELECT tc.id FROM "translation".text_content tc WHERE tc.original_text like 'onion'));
INSERT INTO "translation"."translation" ("translation", text_content_id, language_id) VALUES('cebula', (SELECT tc.id FROM "translation".text_content tc WHERE tc.original_text like 'onion'), (SELECT l.id FROM "translation"."language" l WHERE l.iso_code LIKE 'pl'));
INSERT INTO "translation"."translation" ("translation", text_content_id, language_id) VALUES('zwiebel', (SELECT tc.id FROM "translation".text_content tc WHERE tc.original_text like 'onion'), (SELECT l.id FROM "translation"."language" l WHERE l.iso_code LIKE 'de'));
INSERT INTO "translation"."translation" ("translation", text_content_id, language_id) VALUES('cebolla', (SELECT tc.id FROM "translation".text_content tc WHERE tc.original_text like 'onion'), (SELECT l.id FROM "translation"."language" l WHERE l.iso_code LIKE 'es'));
INSERT INTO "translation"."translation" ("translation", text_content_id, language_id) VALUES('cipolla', (SELECT tc.id FROM "translation".text_content tc WHERE tc.original_text like 'onion'), (SELECT l.id FROM "translation"."language" l WHERE l.iso_code LIKE 'it'));
INSERT INTO "translation".text_content (original_text, language_id) VALUES('garlic', (SELECT l.id FROM "translation"."language" l WHERE l.iso_code LIKE 'en'));
INSERT INTO item.item (uuid, "name", text_content_id) VALUES('6596ca61-1dcd-4cf7-b557-81fbd08c4ef0', 'garlic', (SELECT tc.id FROM "translation".text_content tc WHERE tc.original_text like 'garlic'));
INSERT INTO "translation"."translation" ("translation", text_content_id, language_id) VALUES('czosnek', (SELECT tc.id FROM "translation".text_content tc WHERE tc.original_text like 'garlic'), (SELECT l.id FROM "translation"."language" l WHERE l.iso_code LIKE 'pl'));
INSERT INTO "translation"."translation" ("translation", text_content_id, language_id) VALUES('knoblauch', (SELECT tc.id FROM "translation".text_content tc WHERE tc.original_text like 'garlic'), (SELECT l.id FROM "translation"."language" l WHERE l.iso_code LIKE 'de'));
INSERT INTO "translation"."translation" ("translation", text_content_id, language_id) VALUES('ajo', (SELECT tc.id FROM "translation".text_content tc WHERE tc.original_text like 'garlic'), (SELECT l.id FROM "translation"."language" l WHERE l.iso_code LIKE 'es'));
INSERT INTO "translation"."translation" ("translation", text_content_id, language_id) VALUES('aglio', (SELECT tc.id FROM "translation".text_content tc WHERE tc.original_text like 'garlic'), (SELECT l.id FROM "translation"."language" l WHERE l.iso_code LIKE 'it'));
INSERT INTO "translation".text_content (original_text, language_id) VALUES('pepper', (SELECT l.id FROM "translation"."language" l WHERE l.iso_code LIKE 'en'));
INSERT INTO item.item (uuid, "name", text_content_id) VALUES('61117442-8714-403e-9158-e3804c65ba43', 'pepper', (SELECT tc.id FROM "translation".text_content tc WHERE tc.original_text like 'pepper'));
INSERT INTO "translation"."translation" ("translation", text_content_id, language_id) VALUES('papryka', (SELECT tc.id FROM "translation".text_content tc WHERE tc.original_text like 'pepper'), (SELECT l.id FROM "translation"."language" l WHERE l.iso_code LIKE 'pl'));
INSERT INTO "translation"."translation" ("translation", text_content_id, language_id) VALUES('paprika', (SELECT tc.id FROM "translation".text_content tc WHERE tc.original_text like 'pepper'), (SELECT l.id FROM "translation"."language" l WHERE l.iso_code LIKE 'de'));
INSERT INTO "translation"."translation" ("translation", text_content_id, language_id) VALUES('pimiento', (SELECT tc.id FROM "translation".text_content tc WHERE tc.original_text like 'pepper'), (SELECT l.id FROM "translation"."language" l WHERE l.iso_code LIKE 'es'));
INSERT INTO "translation"."translation" ("translation", text_content_id, language_id) VALUES('peperone', (SELECT tc.id FROM "translation".text_content tc WHERE tc.original_text like 'pepper'), (SELECT l.id FROM "translation"."language" l WHERE l.iso_code LIKE 'it'));
INSERT INTO "translation".text_content (original_text, language_id) VALUES('potato', (SELECT l.id FROM "translation"."language" l WHERE l.iso_code LIKE 'en'));
INSERT INTO item.item (uuid, "name", text_content_id) VALUES('d256c28f-fe54-4f78-8b53-fd50b243ac81', 'potato', (SELECT tc.id FROM "translation".text_content tc WHERE tc.original_text like 'potato'));
INSERT INTO "translation"."translation" ("translation", text_content_id, language_id) VALUES('ziemniak', (SELECT tc.id FROM "translation".text_content tc WHERE tc.original_text like 'potato'), (SELECT l.id FROM "translation"."language" l WHERE l.iso_code LIKE 'pl'));
INSERT INTO "translation"."translation" ("translation", text_content_id, language_id) VALUES('kartoffel', (SELECT tc.id FROM "translation".text_content tc WHERE tc.original_text like 'potato'), (SELECT l.id FROM "translation"."language" l WHERE l.iso_code LIKE 'de'));
INSERT INTO "translation"."translation" ("translation", text_content_id, language_id) VALUES('papa', (SELECT tc.id FROM "translation".text_content tc WHERE tc.original_text like 'potato'), (SELECT l.id FROM "translation"."language" l WHERE l.iso_code LIKE 'es'));
INSERT INTO "translation"."translation" ("translation", text_content_id, language_id) VALUES('patata', (SELECT tc.id FROM "translation".text_content tc WHERE tc.original_text like 'potato'), (SELECT l.id FROM "translation"."language" l WHERE l.iso_code LIKE 'it'));
INSERT INTO "translation".text_content (original_text, language_id) VALUES('carrot', (SELECT l.id FROM "translation"."language" l WHERE l.iso_code LIKE 'en'));
INSERT INTO item.item (uuid, "name", text_content_id) VALUES('adc89df6-f372-4473-aa08-584be01412e0', 'carrot', (SELECT tc.id FROM "translation".text_content tc WHERE tc.original_text like 'carrot'));
INSERT INTO "translation"."translation" ("translation", text_content_id, language_id) VALUES('marchew', (SELECT tc.id FROM "translation".text_content tc WHERE tc.original_text like 'carrot'), (SELECT l.id FROM "translation"."language" l WHERE l.iso_code LIKE 'pl'));
INSERT INTO "translation"."translation" ("translation", text_content_id, language_id) VALUES('karotte', (SELECT tc.id FROM "translation".text_content tc WHERE tc.original_text like 'carrot'), (SELECT l.id FROM "translation"."language" l WHERE l.iso_code LIKE 'de'));
INSERT INTO "translation"."translation" ("translation", text_content_id, language_id) VALUES('zanahoria', (SELECT tc.id FROM "translation".text_content tc WHERE tc.original_text like 'carrot'), (SELECT l.id FROM "translation"."language" l WHERE l.iso_code LIKE 'es'));
INSERT INTO "translation"."translation" ("translation", text_content_id, language_id) VALUES('carota', (SELECT tc.id FROM "translation".text_content tc WHERE tc.original_text like 'carrot'), (SELECT l.id FROM "translation"."language" l WHERE l.iso_code LIKE 'it'));
INSERT INTO "translation".text_content (original_text, language_id) VALUES('radish', (SELECT l.id FROM "translation"."language" l WHERE l.iso_code LIKE 'en'));
INSERT INTO item.item (uuid, "name", text_content_id) VALUES('f0157a98-c744-405f-9de5-0c9fb5352d96', 'radish', (SELECT tc.id FROM "translation".text_content tc WHERE tc.original_text like 'radish'));
INSERT INTO "translation"."translation" ("translation", text_content_id, language_id) VALUES('rzodkiewka', (SELECT tc.id FROM "translation".text_content tc WHERE tc.original_text like 'radish'), (SELECT l.id FROM "translation"."language" l WHERE l.iso_code LIKE 'pl'));
INSERT INTO "translation"."translation" ("translation", text_content_id, language_id) VALUES('radieschen', (SELECT tc.id FROM "translation".text_content tc WHERE tc.original_text like 'radish'), (SELECT l.id FROM "translation"."language" l WHERE l.iso_code LIKE 'de'));
INSERT INTO "translation"."translation" ("translation", text_content_id, language_id) VALUES('rabanito', (SELECT tc.id FROM "translation".text_content tc WHERE tc.original_text like 'radish'), (SELECT l.id FROM "translation"."language" l WHERE l.iso_code LIKE 'es'));
INSERT INTO "translation"."translation" ("translation", text_content_id, language_id) VALUES('ravanello', (SELECT tc.id FROM "translation".text_content tc WHERE tc.original_text like 'radish'), (SELECT l.id FROM "translation"."language" l WHERE l.iso_code LIKE 'it'));
INSERT INTO "translation".text_content (original_text, language_id) VALUES('lettuce', (SELECT l.id FROM "translation"."language" l WHERE l.iso_code LIKE 'en'));
INSERT INTO item.item (uuid, "name", text_content_id) VALUES('02980014-2429-4b5e-a58f-d3923b8744e3', 'lettuce', (SELECT tc.id FROM "translation".text_content tc WHERE tc.original_text like 'lettuce'));
INSERT INTO "translation"."translation" ("translation", text_content_id, language_id) VALUES('sałata', (SELECT tc.id FROM "translation".text_content tc WHERE tc.original_text like 'lettuce'), (SELECT l.id FROM "translation"."language" l WHERE l.iso_code LIKE 'pl'));
INSERT INTO "translation"."translation" ("translation", text_content_id, language_id) VALUES('kopfsalat', (SELECT tc.id FROM "translation".text_content tc WHERE tc.original_text like 'lettuce'), (SELECT l.id FROM "translation"."language" l WHERE l.iso_code LIKE 'de'));
INSERT INTO "translation"."translation" ("translation", text_content_id, language_id) VALUES('lechuga', (SELECT tc.id FROM "translation".text_content tc WHERE tc.original_text like 'lettuce'), (SELECT l.id FROM "translation"."language" l WHERE l.iso_code LIKE 'es'));
INSERT INTO "translation"."translation" ("translation", text_content_id, language_id) VALUES('lattuga', (SELECT tc.id FROM "translation".text_content tc WHERE tc.original_text like 'lettuce'), (SELECT l.id FROM "translation"."language" l WHERE l.iso_code LIKE 'it'));
INSERT INTO "translation".text_content (original_text, language_id) VALUES('pickles', (SELECT l.id FROM "translation"."language" l WHERE l.iso_code LIKE 'en'));
INSERT INTO item.item (uuid, "name", text_content_id) VALUES('e41496c2-c2c1-44f1-8753-6d230cf06e5a', 'pickles', (SELECT tc.id FROM "translation".text_content tc WHERE tc.original_text like 'pickles'));
INSERT INTO "translation"."translation" ("translation", text_content_id, language_id) VALUES('ogórek kiszony', (SELECT tc.id FROM "translation".text_content tc WHERE tc.original_text like 'pickles'), (SELECT l.id FROM "translation"."language" l WHERE l.iso_code LIKE 'pl'));
INSERT INTO "translation"."translation" ("translation", text_content_id, language_id) VALUES('gurken eingelegt', (SELECT tc.id FROM "translation".text_content tc WHERE tc.original_text like 'pickles'), (SELECT l.id FROM "translation"."language" l WHERE l.iso_code LIKE 'de'));
INSERT INTO "translation"."translation" ("translation", text_content_id, language_id) VALUES('encurtidos', (SELECT tc.id FROM "translation".text_content tc WHERE tc.original_text like 'pickles'), (SELECT l.id FROM "translation"."language" l WHERE l.iso_code LIKE 'es'));
INSERT INTO "translation"."translation" ("translation", text_content_id, language_id) VALUES('sottaceti', (SELECT tc.id FROM "translation".text_content tc WHERE tc.original_text like 'pickles'), (SELECT l.id FROM "translation"."language" l WHERE l.iso_code LIKE 'it'));
INSERT INTO "translation".text_content (original_text, language_id) VALUES('cabbage', (SELECT l.id FROM "translation"."language" l WHERE l.iso_code LIKE 'en'));
INSERT INTO item.item (uuid, "name", text_content_id) VALUES('8102cae3-25f4-4dc2-bdb7-22053db21cb1', 'cabbage', (SELECT tc.id FROM "translation".text_content tc WHERE tc.original_text like 'cabbage'));
INSERT INTO "translation"."translation" ("translation", text_content_id, language_id) VALUES('kapusta', (SELECT tc.id FROM "translation".text_content tc WHERE tc.original_text like 'cabbage'), (SELECT l.id FROM "translation"."language" l WHERE l.iso_code LIKE 'pl'));
INSERT INTO "translation"."translation" ("translation", text_content_id, language_id) VALUES('kohl', (SELECT tc.id FROM "translation".text_content tc WHERE tc.original_text like 'cabbage'), (SELECT l.id FROM "translation"."language" l WHERE l.iso_code LIKE 'de'));
INSERT INTO "translation"."translation" ("translation", text_content_id, language_id) VALUES('col', (SELECT tc.id FROM "translation".text_content tc WHERE tc.original_text like 'cabbage'), (SELECT l.id FROM "translation"."language" l WHERE l.iso_code LIKE 'es'));
INSERT INTO "translation"."translation" ("translation", text_content_id, language_id) VALUES('cavolo', (SELECT tc.id FROM "translation".text_content tc WHERE tc.original_text like 'cabbage'), (SELECT l.id FROM "translation"."language" l WHERE l.iso_code LIKE 'it'));
INSERT INTO "translation".text_content (original_text, language_id) VALUES('milk', (SELECT l.id FROM "translation"."language" l WHERE l.iso_code LIKE 'en'));
INSERT INTO item.item (uuid, "name", text_content_id) VALUES('aab07130-3a41-4d75-a2fc-3d26b96353b8', 'milk', (SELECT tc.id FROM "translation".text_content tc WHERE tc.original_text like 'milk'));
INSERT INTO "translation"."translation" ("translation", text_content_id, language_id) VALUES('mleko', (SELECT tc.id FROM "translation".text_content tc WHERE tc.original_text like 'milk'), (SELECT l.id FROM "translation"."language" l WHERE l.iso_code LIKE 'pl'));
INSERT INTO "translation"."translation" ("translation", text_content_id, language_id) VALUES('milch', (SELECT tc.id FROM "translation".text_content tc WHERE tc.original_text like 'milk'), (SELECT l.id FROM "translation"."language" l WHERE l.iso_code LIKE 'de'));
INSERT INTO "translation"."translation" ("translation", text_content_id, language_id) VALUES('leche', (SELECT tc.id FROM "translation".text_content tc WHERE tc.original_text like 'milk'), (SELECT l.id FROM "translation"."language" l WHERE l.iso_code LIKE 'es'));
INSERT INTO "translation"."translation" ("translation", text_content_id, language_id) VALUES('latte', (SELECT tc.id FROM "translation".text_content tc WHERE tc.original_text like 'milk'), (SELECT l.id FROM "translation"."language" l WHERE l.iso_code LIKE 'it'));
INSERT INTO "translation".text_content (original_text, language_id) VALUES('kefir', (SELECT l.id FROM "translation"."language" l WHERE l.iso_code LIKE 'en'));
INSERT INTO item.item (uuid, "name", text_content_id) VALUES('9494635d-3efd-431e-b3fa-2b879c23a8db', 'kefir', (SELECT tc.id FROM "translation".text_content tc WHERE tc.original_text like 'kefir'));
INSERT INTO "translation"."translation" ("translation", text_content_id, language_id) VALUES('kefir', (SELECT tc.id FROM "translation".text_content tc WHERE tc.original_text like 'kefir'), (SELECT l.id FROM "translation"."language" l WHERE l.iso_code LIKE 'pl'));
INSERT INTO "translation"."translation" ("translation", text_content_id, language_id) VALUES('kefir', (SELECT tc.id FROM "translation".text_content tc WHERE tc.original_text like 'kefir'), (SELECT l.id FROM "translation"."language" l WHERE l.iso_code LIKE 'de'));
INSERT INTO "translation"."translation" ("translation", text_content_id, language_id) VALUES('kefir', (SELECT tc.id FROM "translation".text_content tc WHERE tc.original_text like 'kefir'), (SELECT l.id FROM "translation"."language" l WHERE l.iso_code LIKE 'es'));
INSERT INTO "translation"."translation" ("translation", text_content_id, language_id) VALUES('kefir', (SELECT tc.id FROM "translation".text_content tc WHERE tc.original_text like 'kefir'), (SELECT l.id FROM "translation"."language" l WHERE l.iso_code LIKE 'it'));
INSERT INTO "translation".text_content (original_text, language_id) VALUES('yogurt', (SELECT l.id FROM "translation"."language" l WHERE l.iso_code LIKE 'en'));
INSERT INTO item.item (uuid, "name", text_content_id) VALUES('0e20c0fa-7554-48f2-8f6f-0b5a4444e1cf', 'yogurt', (SELECT tc.id FROM "translation".text_content tc WHERE tc.original_text like 'yogurt'));
INSERT INTO "translation"."translation" ("translation", text_content_id, language_id) VALUES('jogurt', (SELECT tc.id FROM "translation".text_content tc WHERE tc.original_text like 'yogurt'), (SELECT l.id FROM "translation"."language" l WHERE l.iso_code LIKE 'pl'));
INSERT INTO "translation"."translation" ("translation", text_content_id, language_id) VALUES('joghurt', (SELECT tc.id FROM "translation".text_content tc WHERE tc.original_text like 'yogurt'), (SELECT l.id FROM "translation"."language" l WHERE l.iso_code LIKE 'de'));
INSERT INTO "translation"."translation" ("translation", text_content_id, language_id) VALUES('yogur', (SELECT tc.id FROM "translation".text_content tc WHERE tc.original_text like 'yogurt'), (SELECT l.id FROM "translation"."language" l WHERE l.iso_code LIKE 'es'));
INSERT INTO "translation"."translation" ("translation", text_content_id, language_id) VALUES('yogurt', (SELECT tc.id FROM "translation".text_content tc WHERE tc.original_text like 'yogurt'), (SELECT l.id FROM "translation"."language" l WHERE l.iso_code LIKE 'it'));
INSERT INTO "translation".text_content (original_text, language_id) VALUES('sour cream', (SELECT l.id FROM "translation"."language" l WHERE l.iso_code LIKE 'en'));
INSERT INTO item.item (uuid, "name", text_content_id) VALUES('8ef85b50-866e-45a2-b988-01395ee0f556', 'sour cream', (SELECT tc.id FROM "translation".text_content tc WHERE tc.original_text like 'sour cream'));
INSERT INTO "translation"."translation" ("translation", text_content_id, language_id) VALUES('śmietana', (SELECT tc.id FROM "translation".text_content tc WHERE tc.original_text like 'sour cream'), (SELECT l.id FROM "translation"."language" l WHERE l.iso_code LIKE 'pl'));
INSERT INTO "translation"."translation" ("translation", text_content_id, language_id) VALUES('saure sahne', (SELECT tc.id FROM "translation".text_content tc WHERE tc.original_text like 'sour cream'), (SELECT l.id FROM "translation"."language" l WHERE l.iso_code LIKE 'de'));
INSERT INTO "translation"."translation" ("translation", text_content_id, language_id) VALUES('nata agria', (SELECT tc.id FROM "translation".text_content tc WHERE tc.original_text like 'sour cream'), (SELECT l.id FROM "translation"."language" l WHERE l.iso_code LIKE 'es'));
INSERT INTO "translation"."translation" ("translation", text_content_id, language_id) VALUES('panna acida', (SELECT tc.id FROM "translation".text_content tc WHERE tc.original_text like 'sour cream'), (SELECT l.id FROM "translation"."language" l WHERE l.iso_code LIKE 'it'));
INSERT INTO "translation".text_content (original_text, language_id) VALUES('feta cheese', (SELECT l.id FROM "translation"."language" l WHERE l.iso_code LIKE 'en'));
INSERT INTO item.item (uuid, "name", text_content_id) VALUES('37866d87-ab78-41a9-8b6c-39341d494096', 'feta cheese', (SELECT tc.id FROM "translation".text_content tc WHERE tc.original_text like 'feta cheese'));
INSERT INTO "translation"."translation" ("translation", text_content_id, language_id) VALUES('ser feta', (SELECT tc.id FROM "translation".text_content tc WHERE tc.original_text like 'feta cheese'), (SELECT l.id FROM "translation"."language" l WHERE l.iso_code LIKE 'pl'));
INSERT INTO "translation"."translation" ("translation", text_content_id, language_id) VALUES('feta-käse', (SELECT tc.id FROM "translation".text_content tc WHERE tc.original_text like 'feta cheese'), (SELECT l.id FROM "translation"."language" l WHERE l.iso_code LIKE 'de'));
INSERT INTO "translation"."translation" ("translation", text_content_id, language_id) VALUES('queso feta', (SELECT tc.id FROM "translation".text_content tc WHERE tc.original_text like 'feta cheese'), (SELECT l.id FROM "translation"."language" l WHERE l.iso_code LIKE 'es'));
INSERT INTO "translation"."translation" ("translation", text_content_id, language_id) VALUES('formaggio feta', (SELECT tc.id FROM "translation".text_content tc WHERE tc.original_text like 'feta cheese'), (SELECT l.id FROM "translation"."language" l WHERE l.iso_code LIKE 'it'));
INSERT INTO "translation".text_content (original_text, language_id) VALUES('poppy seed filling', (SELECT l.id FROM "translation"."language" l WHERE l.iso_code LIKE 'en'));
INSERT INTO item.item (uuid, "name", text_content_id) VALUES('8eca6ca9-6e85-4dff-8e46-912fc7809fbb', 'poppy seed filling', (SELECT tc.id FROM "translation".text_content tc WHERE tc.original_text like 'poppy seed filling'));
INSERT INTO "translation"."translation" ("translation", text_content_id, language_id) VALUES('masa makowa', (SELECT tc.id FROM "translation".text_content tc WHERE tc.original_text like 'poppy seed filling'), (SELECT l.id FROM "translation"."language" l WHERE l.iso_code LIKE 'pl'));
INSERT INTO "translation"."translation" ("translation", text_content_id, language_id) VALUES('mohnfüllung', (SELECT tc.id FROM "translation".text_content tc WHERE tc.original_text like 'poppy seed filling'), (SELECT l.id FROM "translation"."language" l WHERE l.iso_code LIKE 'de'));
INSERT INTO "translation"."translation" ("translation", text_content_id, language_id) VALUES('relleno de semillas de amapola', (SELECT tc.id FROM "translation".text_content tc WHERE tc.original_text like 'poppy seed filling'), (SELECT l.id FROM "translation"."language" l WHERE l.iso_code LIKE 'es'));
INSERT INTO "translation"."translation" ("translation", text_content_id, language_id) VALUES('ripieno di semi di papavero', (SELECT tc.id FROM "translation".text_content tc WHERE tc.original_text like 'poppy seed filling'), (SELECT l.id FROM "translation"."language" l WHERE l.iso_code LIKE 'it'));
INSERT INTO "translation".text_content (original_text, language_id) VALUES('nougat filling', (SELECT l.id FROM "translation"."language" l WHERE l.iso_code LIKE 'en'));
INSERT INTO item.item (uuid, "name", text_content_id) VALUES('27396c9f-f956-4821-857e-37d83927f3d3', 'nougat filling', (SELECT tc.id FROM "translation".text_content tc WHERE tc.original_text like 'nougat filling'));
INSERT INTO "translation"."translation" ("translation", text_content_id, language_id) VALUES('masa orzechowa', (SELECT tc.id FROM "translation".text_content tc WHERE tc.original_text like 'nougat filling'), (SELECT l.id FROM "translation"."language" l WHERE l.iso_code LIKE 'pl'));
INSERT INTO "translation"."translation" ("translation", text_content_id, language_id) VALUES('nougatfüllung', (SELECT tc.id FROM "translation".text_content tc WHERE tc.original_text like 'nougat filling'), (SELECT l.id FROM "translation"."language" l WHERE l.iso_code LIKE 'de'));
INSERT INTO "translation"."translation" ("translation", text_content_id, language_id) VALUES('relleno de turrón', (SELECT tc.id FROM "translation".text_content tc WHERE tc.original_text like 'nougat filling'), (SELECT l.id FROM "translation"."language" l WHERE l.iso_code LIKE 'es'));
INSERT INTO "translation"."translation" ("translation", text_content_id, language_id) VALUES('ripieno di torrone', (SELECT tc.id FROM "translation".text_content tc WHERE tc.original_text like 'nougat filling'), (SELECT l.id FROM "translation"."language" l WHERE l.iso_code LIKE 'it'));
INSERT INTO "translation".text_content (original_text, language_id) VALUES('honey', (SELECT l.id FROM "translation"."language" l WHERE l.iso_code LIKE 'en'));
INSERT INTO item.item (uuid, "name", text_content_id) VALUES('1bd60a98-78b0-4992-ba78-6b39eedd91ff', 'honey', (SELECT tc.id FROM "translation".text_content tc WHERE tc.original_text like 'honey'));
INSERT INTO "translation"."translation" ("translation", text_content_id, language_id) VALUES('miód', (SELECT tc.id FROM "translation".text_content tc WHERE tc.original_text like 'honey'), (SELECT l.id FROM "translation"."language" l WHERE l.iso_code LIKE 'pl'));
INSERT INTO "translation"."translation" ("translation", text_content_id, language_id) VALUES('honig', (SELECT tc.id FROM "translation".text_content tc WHERE tc.original_text like 'honey'), (SELECT l.id FROM "translation"."language" l WHERE l.iso_code LIKE 'de'));
INSERT INTO "translation"."translation" ("translation", text_content_id, language_id) VALUES('miel', (SELECT tc.id FROM "translation".text_content tc WHERE tc.original_text like 'honey'), (SELECT l.id FROM "translation"."language" l WHERE l.iso_code LIKE 'es'));
INSERT INTO "translation"."translation" ("translation", text_content_id, language_id) VALUES('miele', (SELECT tc.id FROM "translation".text_content tc WHERE tc.original_text like 'honey'), (SELECT l.id FROM "translation"."language" l WHERE l.iso_code LIKE 'it'));
INSERT INTO "translation".text_content (original_text, language_id) VALUES('jam', (SELECT l.id FROM "translation"."language" l WHERE l.iso_code LIKE 'en'));
INSERT INTO item.item (uuid, "name", text_content_id) VALUES('7158952c-7a38-4b6c-9a9b-4341cbf6fba3', 'jam', (SELECT tc.id FROM "translation".text_content tc WHERE tc.original_text like 'jam'));
INSERT INTO "translation"."translation" ("translation", text_content_id, language_id) VALUES('dżem', (SELECT tc.id FROM "translation".text_content tc WHERE tc.original_text like 'jam'), (SELECT l.id FROM "translation"."language" l WHERE l.iso_code LIKE 'pl'));
INSERT INTO "translation"."translation" ("translation", text_content_id, language_id) VALUES('marmelade', (SELECT tc.id FROM "translation".text_content tc WHERE tc.original_text like 'jam'), (SELECT l.id FROM "translation"."language" l WHERE l.iso_code LIKE 'de'));
INSERT INTO "translation"."translation" ("translation", text_content_id, language_id) VALUES('mermelada', (SELECT tc.id FROM "translation".text_content tc WHERE tc.original_text like 'jam'), (SELECT l.id FROM "translation"."language" l WHERE l.iso_code LIKE 'es'));
INSERT INTO "translation"."translation" ("translation", text_content_id, language_id) VALUES('marmellata', (SELECT tc.id FROM "translation".text_content tc WHERE tc.original_text like 'jam'), (SELECT l.id FROM "translation"."language" l WHERE l.iso_code LIKE 'it'));
INSERT INTO "translation".text_content (original_text, language_id) VALUES('tea', (SELECT l.id FROM "translation"."language" l WHERE l.iso_code LIKE 'en'));
INSERT INTO item.item (uuid, "name", text_content_id) VALUES('b4635d6c-dded-4036-85aa-5496e81614d3', 'tea', (SELECT tc.id FROM "translation".text_content tc WHERE tc.original_text like 'tea'));
INSERT INTO "translation"."translation" ("translation", text_content_id, language_id) VALUES('herbata', (SELECT tc.id FROM "translation".text_content tc WHERE tc.original_text like 'tea'), (SELECT l.id FROM "translation"."language" l WHERE l.iso_code LIKE 'pl'));
INSERT INTO "translation"."translation" ("translation", text_content_id, language_id) VALUES('tee', (SELECT tc.id FROM "translation".text_content tc WHERE tc.original_text like 'tea'), (SELECT l.id FROM "translation"."language" l WHERE l.iso_code LIKE 'de'));
INSERT INTO "translation"."translation" ("translation", text_content_id, language_id) VALUES('té', (SELECT tc.id FROM "translation".text_content tc WHERE tc.original_text like 'tea'), (SELECT l.id FROM "translation"."language" l WHERE l.iso_code LIKE 'es'));
INSERT INTO "translation"."translation" ("translation", text_content_id, language_id) VALUES('te', (SELECT tc.id FROM "translation".text_content tc WHERE tc.original_text like 'tea'), (SELECT l.id FROM "translation"."language" l WHERE l.iso_code LIKE 'it'));
INSERT INTO "translation".text_content (original_text, language_id) VALUES('coffee', (SELECT l.id FROM "translation"."language" l WHERE l.iso_code LIKE 'en'));
INSERT INTO item.item (uuid, "name", text_content_id) VALUES('2e6a79c8-6c10-44de-ae28-f19bff1d2f89', 'coffee', (SELECT tc.id FROM "translation".text_content tc WHERE tc.original_text like 'coffee'));
INSERT INTO "translation"."translation" ("translation", text_content_id, language_id) VALUES('kawa', (SELECT tc.id FROM "translation".text_content tc WHERE tc.original_text like 'coffee'), (SELECT l.id FROM "translation"."language" l WHERE l.iso_code LIKE 'pl'));
INSERT INTO "translation"."translation" ("translation", text_content_id, language_id) VALUES('kaffee', (SELECT tc.id FROM "translation".text_content tc WHERE tc.original_text like 'coffee'), (SELECT l.id FROM "translation"."language" l WHERE l.iso_code LIKE 'de'));
INSERT INTO "translation"."translation" ("translation", text_content_id, language_id) VALUES('café', (SELECT tc.id FROM "translation".text_content tc WHERE tc.original_text like 'coffee'), (SELECT l.id FROM "translation"."language" l WHERE l.iso_code LIKE 'es'));
INSERT INTO "translation"."translation" ("translation", text_content_id, language_id) VALUES('caffè', (SELECT tc.id FROM "translation".text_content tc WHERE tc.original_text like 'coffee'), (SELECT l.id FROM "translation"."language" l WHERE l.iso_code LIKE 'it'));
INSERT INTO "translation".text_content (original_text, language_id) VALUES('apple juice', (SELECT l.id FROM "translation"."language" l WHERE l.iso_code LIKE 'en'));
INSERT INTO item.item (uuid, "name", text_content_id) VALUES('142a1e2b-83c5-4d41-890a-331b47349ae5', 'apple juice', (SELECT tc.id FROM "translation".text_content tc WHERE tc.original_text like 'apple juice'));
INSERT INTO "translation"."translation" ("translation", text_content_id, language_id) VALUES('sok jabłkowy', (SELECT tc.id FROM "translation".text_content tc WHERE tc.original_text like 'apple juice'), (SELECT l.id FROM "translation"."language" l WHERE l.iso_code LIKE 'pl'));
INSERT INTO "translation"."translation" ("translation", text_content_id, language_id) VALUES('apfelsaft', (SELECT tc.id FROM "translation".text_content tc WHERE tc.original_text like 'apple juice'), (SELECT l.id FROM "translation"."language" l WHERE l.iso_code LIKE 'de'));
INSERT INTO "translation"."translation" ("translation", text_content_id, language_id) VALUES('zumo de manzana', (SELECT tc.id FROM "translation".text_content tc WHERE tc.original_text like 'apple juice'), (SELECT l.id FROM "translation"."language" l WHERE l.iso_code LIKE 'es'));
INSERT INTO "translation"."translation" ("translation", text_content_id, language_id) VALUES('succo di mela', (SELECT tc.id FROM "translation".text_content tc WHERE tc.original_text like 'apple juice'), (SELECT l.id FROM "translation"."language" l WHERE l.iso_code LIKE 'it'));
INSERT INTO "translation".text_content (original_text, language_id) VALUES('orange juice', (SELECT l.id FROM "translation"."language" l WHERE l.iso_code LIKE 'en'));
INSERT INTO item.item (uuid, "name", text_content_id) VALUES('8de1d88b-3958-43af-990e-54d48c7ab92a', 'orange juice', (SELECT tc.id FROM "translation".text_content tc WHERE tc.original_text like 'orange juice'));
INSERT INTO "translation"."translation" ("translation", text_content_id, language_id) VALUES('sok pomarańczowy', (SELECT tc.id FROM "translation".text_content tc WHERE tc.original_text like 'orange juice'), (SELECT l.id FROM "translation"."language" l WHERE l.iso_code LIKE 'pl'));
INSERT INTO "translation"."translation" ("translation", text_content_id, language_id) VALUES('orangensaft', (SELECT tc.id FROM "translation".text_content tc WHERE tc.original_text like 'orange juice'), (SELECT l.id FROM "translation"."language" l WHERE l.iso_code LIKE 'de'));
INSERT INTO "translation"."translation" ("translation", text_content_id, language_id) VALUES('zumo de naranja', (SELECT tc.id FROM "translation".text_content tc WHERE tc.original_text like 'orange juice'), (SELECT l.id FROM "translation"."language" l WHERE l.iso_code LIKE 'es'));
INSERT INTO "translation"."translation" ("translation", text_content_id, language_id) VALUES('succo di arancia', (SELECT tc.id FROM "translation".text_content tc WHERE tc.original_text like 'orange juice'), (SELECT l.id FROM "translation"."language" l WHERE l.iso_code LIKE 'it'));
INSERT INTO "translation".text_content (original_text, language_id) VALUES('laptop', (SELECT l.id FROM "translation"."language" l WHERE l.iso_code LIKE 'en'));
INSERT INTO item.item (uuid, "name", text_content_id) VALUES('c05b326c-075f-47ed-99ec-ead96c5a07bf', 'laptop', (SELECT tc.id FROM "translation".text_content tc WHERE tc.original_text like 'laptop'));
INSERT INTO "translation"."translation" ("translation", text_content_id, language_id) VALUES('laptop', (SELECT tc.id FROM "translation".text_content tc WHERE tc.original_text like 'laptop'), (SELECT l.id FROM "translation"."language" l WHERE l.iso_code LIKE 'pl'));
INSERT INTO "translation"."translation" ("translation", text_content_id, language_id) VALUES('laptop', (SELECT tc.id FROM "translation".text_content tc WHERE tc.original_text like 'laptop'), (SELECT l.id FROM "translation"."language" l WHERE l.iso_code LIKE 'de'));
INSERT INTO "translation"."translation" ("translation", text_content_id, language_id) VALUES('portátil', (SELECT tc.id FROM "translation".text_content tc WHERE tc.original_text like 'laptop'), (SELECT l.id FROM "translation"."language" l WHERE l.iso_code LIKE 'es'));
INSERT INTO "translation"."translation" ("translation", text_content_id, language_id) VALUES('laptop', (SELECT tc.id FROM "translation".text_content tc WHERE tc.original_text like 'laptop'), (SELECT l.id FROM "translation"."language" l WHERE l.iso_code LIKE 'it'));
INSERT INTO "translation".text_content (original_text, language_id) VALUES('smartphone', (SELECT l.id FROM "translation"."language" l WHERE l.iso_code LIKE 'en'));
INSERT INTO item.item (uuid, "name", text_content_id) VALUES('2e45f9d3-c02e-41c4-8bb2-80433e91a85d', 'smartphone', (SELECT tc.id FROM "translation".text_content tc WHERE tc.original_text like 'smartphone'));
INSERT INTO "translation"."translation" ("translation", text_content_id, language_id) VALUES('smartfon', (SELECT tc.id FROM "translation".text_content tc WHERE tc.original_text like 'smartphone'), (SELECT l.id FROM "translation"."language" l WHERE l.iso_code LIKE 'pl'));
INSERT INTO "translation"."translation" ("translation", text_content_id, language_id) VALUES('smartphone', (SELECT tc.id FROM "translation".text_content tc WHERE tc.original_text like 'smartphone'), (SELECT l.id FROM "translation"."language" l WHERE l.iso_code LIKE 'de'));
INSERT INTO "translation"."translation" ("translation", text_content_id, language_id) VALUES('teléfono inteligente', (SELECT tc.id FROM "translation".text_content tc WHERE tc.original_text like 'smartphone'), (SELECT l.id FROM "translation"."language" l WHERE l.iso_code LIKE 'es'));
INSERT INTO "translation"."translation" ("translation", text_content_id, language_id) VALUES('smartphone', (SELECT tc.id FROM "translation".text_content tc WHERE tc.original_text like 'smartphone'), (SELECT l.id FROM "translation"."language" l WHERE l.iso_code LIKE 'it'));
INSERT INTO "translation".text_content (original_text, language_id) VALUES('television', (SELECT l.id FROM "translation"."language" l WHERE l.iso_code LIKE 'en'));
INSERT INTO item.item (uuid, "name", text_content_id) VALUES('ef432210-31cb-4595-9b02-d4bff605ca5a', 'television', (SELECT tc.id FROM "translation".text_content tc WHERE tc.original_text like 'television'));
INSERT INTO "translation"."translation" ("translation", text_content_id, language_id) VALUES('telewizor', (SELECT tc.id FROM "translation".text_content tc WHERE tc.original_text like 'television'), (SELECT l.id FROM "translation"."language" l WHERE l.iso_code LIKE 'pl'));
INSERT INTO "translation"."translation" ("translation", text_content_id, language_id) VALUES('fernseher', (SELECT tc.id FROM "translation".text_content tc WHERE tc.original_text like 'television'), (SELECT l.id FROM "translation"."language" l WHERE l.iso_code LIKE 'de'));
INSERT INTO "translation"."translation" ("translation", text_content_id, language_id) VALUES('televisión', (SELECT tc.id FROM "translation".text_content tc WHERE tc.original_text like 'television'), (SELECT l.id FROM "translation"."language" l WHERE l.iso_code LIKE 'es'));
INSERT INTO "translation"."translation" ("translation", text_content_id, language_id) VALUES('televisione', (SELECT tc.id FROM "translation".text_content tc WHERE tc.original_text like 'television'), (SELECT l.id FROM "translation"."language" l WHERE l.iso_code LIKE 'it'));
INSERT INTO "translation".text_content (original_text, language_id) VALUES('game console', (SELECT l.id FROM "translation"."language" l WHERE l.iso_code LIKE 'en'));
INSERT INTO item.item (uuid, "name", text_content_id) VALUES('43af670b-1dc2-47ff-a766-ff5a06c63c88', 'game console', (SELECT tc.id FROM "translation".text_content tc WHERE tc.original_text like 'game console'));
INSERT INTO "translation"."translation" ("translation", text_content_id, language_id) VALUES('konsola do gier', (SELECT tc.id FROM "translation".text_content tc WHERE tc.original_text like 'game console'), (SELECT l.id FROM "translation"."language" l WHERE l.iso_code LIKE 'pl'));
INSERT INTO "translation"."translation" ("translation", text_content_id, language_id) VALUES('spielkonsole', (SELECT tc.id FROM "translation".text_content tc WHERE tc.original_text like 'game console'), (SELECT l.id FROM "translation"."language" l WHERE l.iso_code LIKE 'de'));
INSERT INTO "translation"."translation" ("translation", text_content_id, language_id) VALUES('consola de juegos', (SELECT tc.id FROM "translation".text_content tc WHERE tc.original_text like 'game console'), (SELECT l.id FROM "translation"."language" l WHERE l.iso_code LIKE 'es'));
INSERT INTO "translation"."translation" ("translation", text_content_id, language_id) VALUES('console di gioco', (SELECT tc.id FROM "translation".text_content tc WHERE tc.original_text like 'game console'), (SELECT l.id FROM "translation"."language" l WHERE l.iso_code LIKE 'it'));
INSERT INTO "translation".text_content (original_text, language_id) VALUES('book', (SELECT l.id FROM "translation"."language" l WHERE l.iso_code LIKE 'en'));
INSERT INTO item.item (uuid, "name", text_content_id) VALUES('5dbec888-19ee-4cdd-b916-f7fe03c7c2c2', 'book', (SELECT tc.id FROM "translation".text_content tc WHERE tc.original_text like 'book'));
INSERT INTO "translation"."translation" ("translation", text_content_id, language_id) VALUES('książka', (SELECT tc.id FROM "translation".text_content tc WHERE tc.original_text like 'book'), (SELECT l.id FROM "translation"."language" l WHERE l.iso_code LIKE 'pl'));
INSERT INTO "translation"."translation" ("translation", text_content_id, language_id) VALUES('buch', (SELECT tc.id FROM "translation".text_content tc WHERE tc.original_text like 'book'), (SELECT l.id FROM "translation"."language" l WHERE l.iso_code LIKE 'de'));
INSERT INTO "translation"."translation" ("translation", text_content_id, language_id) VALUES('libro', (SELECT tc.id FROM "translation".text_content tc WHERE tc.original_text like 'book'), (SELECT l.id FROM "translation"."language" l WHERE l.iso_code LIKE 'es'));
INSERT INTO "translation"."translation" ("translation", text_content_id, language_id) VALUES('libro', (SELECT tc.id FROM "translation".text_content tc WHERE tc.original_text like 'book'), (SELECT l.id FROM "translation"."language" l WHERE l.iso_code LIKE 'it'));
INSERT INTO "translation".text_content (original_text, language_id) VALUES('computer', (SELECT l.id FROM "translation"."language" l WHERE l.iso_code LIKE 'en'));
INSERT INTO item.item (uuid, "name", text_content_id) VALUES('5a6c22ad-c8cc-46c3-9544-e35fc28c0207', 'computer', (SELECT tc.id FROM "translation".text_content tc WHERE tc.original_text like 'computer'));
INSERT INTO "translation"."translation" ("translation", text_content_id, language_id) VALUES('komputer', (SELECT tc.id FROM "translation".text_content tc WHERE tc.original_text like 'computer'), (SELECT l.id FROM "translation"."language" l WHERE l.iso_code LIKE 'pl'));
INSERT INTO "translation"."translation" ("translation", text_content_id, language_id) VALUES('computer', (SELECT tc.id FROM "translation".text_content tc WHERE tc.original_text like 'computer'), (SELECT l.id FROM "translation"."language" l WHERE l.iso_code LIKE 'de'));
INSERT INTO "translation"."translation" ("translation", text_content_id, language_id) VALUES('ordenador', (SELECT tc.id FROM "translation".text_content tc WHERE tc.original_text like 'computer'), (SELECT l.id FROM "translation"."language" l WHERE l.iso_code LIKE 'es'));
INSERT INTO "translation"."translation" ("translation", text_content_id, language_id) VALUES('computer', (SELECT tc.id FROM "translation".text_content tc WHERE tc.original_text like 'computer'), (SELECT l.id FROM "translation"."language" l WHERE l.iso_code LIKE 'it'));
INSERT INTO "translation".text_content (original_text, language_id) VALUES('computer mouse', (SELECT l.id FROM "translation"."language" l WHERE l.iso_code LIKE 'en'));
INSERT INTO item.item (uuid, "name", text_content_id) VALUES('d0090d4b-287d-48e1-a030-df80beece50b', 'computer mouse', (SELECT tc.id FROM "translation".text_content tc WHERE tc.original_text like 'computer mouse'));
INSERT INTO "translation"."translation" ("translation", text_content_id, language_id) VALUES('myszka komputerowa', (SELECT tc.id FROM "translation".text_content tc WHERE tc.original_text like 'computer mouse'), (SELECT l.id FROM "translation"."language" l WHERE l.iso_code LIKE 'pl'));
INSERT INTO "translation"."translation" ("translation", text_content_id, language_id) VALUES('computermaus', (SELECT tc.id FROM "translation".text_content tc WHERE tc.original_text like 'computer mouse'), (SELECT l.id FROM "translation"."language" l WHERE l.iso_code LIKE 'de'));
INSERT INTO "translation"."translation" ("translation", text_content_id, language_id) VALUES('ratón de ordenador', (SELECT tc.id FROM "translation".text_content tc WHERE tc.original_text like 'computer mouse'), (SELECT l.id FROM "translation"."language" l WHERE l.iso_code LIKE 'es'));
INSERT INTO "translation"."translation" ("translation", text_content_id, language_id) VALUES('mouse per computer', (SELECT tc.id FROM "translation".text_content tc WHERE tc.original_text like 'computer mouse'), (SELECT l.id FROM "translation"."language" l WHERE l.iso_code LIKE 'it'));
INSERT INTO "translation".text_content (original_text, language_id) VALUES('keyboard', (SELECT l.id FROM "translation"."language" l WHERE l.iso_code LIKE 'en'));
INSERT INTO item.item (uuid, "name", text_content_id) VALUES('05b79f92-716e-44d9-9d43-4e828516b092', 'keyboard', (SELECT tc.id FROM "translation".text_content tc WHERE tc.original_text like 'keyboard'));
INSERT INTO "translation"."translation" ("translation", text_content_id, language_id) VALUES('klawiatura', (SELECT tc.id FROM "translation".text_content tc WHERE tc.original_text like 'keyboard'), (SELECT l.id FROM "translation"."language" l WHERE l.iso_code LIKE 'pl'));
INSERT INTO "translation"."translation" ("translation", text_content_id, language_id) VALUES('tastatur', (SELECT tc.id FROM "translation".text_content tc WHERE tc.original_text like 'keyboard'), (SELECT l.id FROM "translation"."language" l WHERE l.iso_code LIKE 'de'));
INSERT INTO "translation"."translation" ("translation", text_content_id, language_id) VALUES('teclado', (SELECT tc.id FROM "translation".text_content tc WHERE tc.original_text like 'keyboard'), (SELECT l.id FROM "translation"."language" l WHERE l.iso_code LIKE 'es'));
INSERT INTO "translation"."translation" ("translation", text_content_id, language_id) VALUES('tastiera', (SELECT tc.id FROM "translation".text_content tc WHERE tc.original_text like 'keyboard'), (SELECT l.id FROM "translation"."language" l WHERE l.iso_code LIKE 'it'));
INSERT INTO "translation".text_content (original_text, language_id) VALUES('speakers', (SELECT l.id FROM "translation"."language" l WHERE l.iso_code LIKE 'en'));
INSERT INTO item.item (uuid, "name", text_content_id) VALUES('98a83e10-b37c-4bf4-8296-9c53e6eaaa6c', 'speakers', (SELECT tc.id FROM "translation".text_content tc WHERE tc.original_text like 'speakers'));
INSERT INTO "translation"."translation" ("translation", text_content_id, language_id) VALUES('głośniki', (SELECT tc.id FROM "translation".text_content tc WHERE tc.original_text like 'speakers'), (SELECT l.id FROM "translation"."language" l WHERE l.iso_code LIKE 'pl'));
INSERT INTO "translation"."translation" ("translation", text_content_id, language_id) VALUES('lautsprecher', (SELECT tc.id FROM "translation".text_content tc WHERE tc.original_text like 'speakers'), (SELECT l.id FROM "translation"."language" l WHERE l.iso_code LIKE 'de'));
INSERT INTO "translation"."translation" ("translation", text_content_id, language_id) VALUES('altavoces', (SELECT tc.id FROM "translation".text_content tc WHERE tc.original_text like 'speakers'), (SELECT l.id FROM "translation"."language" l WHERE l.iso_code LIKE 'es'));
INSERT INTO "translation"."translation" ("translation", text_content_id, language_id) VALUES('altoparlanti', (SELECT tc.id FROM "translation".text_content tc WHERE tc.original_text like 'speakers'), (SELECT l.id FROM "translation"."language" l WHERE l.iso_code LIKE 'it'));
INSERT INTO "translation".text_content (original_text, language_id) VALUES('microphone', (SELECT l.id FROM "translation"."language" l WHERE l.iso_code LIKE 'en'));
INSERT INTO item.item (uuid, "name", text_content_id) VALUES('14cb2028-2703-45e5-934f-9322399388af', 'microphone', (SELECT tc.id FROM "translation".text_content tc WHERE tc.original_text like 'microphone'));
INSERT INTO "translation"."translation" ("translation", text_content_id, language_id) VALUES('mikrofon', (SELECT tc.id FROM "translation".text_content tc WHERE tc.original_text like 'microphone'), (SELECT l.id FROM "translation"."language" l WHERE l.iso_code LIKE 'pl'));
INSERT INTO "translation"."translation" ("translation", text_content_id, language_id) VALUES('mikrofon', (SELECT tc.id FROM "translation".text_content tc WHERE tc.original_text like 'microphone'), (SELECT l.id FROM "translation"."language" l WHERE l.iso_code LIKE 'de'));
INSERT INTO "translation"."translation" ("translation", text_content_id, language_id) VALUES('micrófono', (SELECT tc.id FROM "translation".text_content tc WHERE tc.original_text like 'microphone'), (SELECT l.id FROM "translation"."language" l WHERE l.iso_code LIKE 'es'));
INSERT INTO "translation"."translation" ("translation", text_content_id, language_id) VALUES('microfono', (SELECT tc.id FROM "translation".text_content tc WHERE tc.original_text like 'microphone'), (SELECT l.id FROM "translation"."language" l WHERE l.iso_code LIKE 'it'));
INSERT INTO "translation".text_content (original_text, language_id) VALUES('camera', (SELECT l.id FROM "translation"."language" l WHERE l.iso_code LIKE 'en'));
INSERT INTO item.item (uuid, "name", text_content_id) VALUES('4e169acc-9522-4e6d-8bbe-b62b4f7807e6', 'camera', (SELECT tc.id FROM "translation".text_content tc WHERE tc.original_text like 'camera'));
INSERT INTO "translation"."translation" ("translation", text_content_id, language_id) VALUES('aparat fotograficzny', (SELECT tc.id FROM "translation".text_content tc WHERE tc.original_text like 'camera'), (SELECT l.id FROM "translation"."language" l WHERE l.iso_code LIKE 'pl'));
INSERT INTO "translation"."translation" ("translation", text_content_id, language_id) VALUES('kamera', (SELECT tc.id FROM "translation".text_content tc WHERE tc.original_text like 'camera'), (SELECT l.id FROM "translation"."language" l WHERE l.iso_code LIKE 'de'));
INSERT INTO "translation"."translation" ("translation", text_content_id, language_id) VALUES('cámara', (SELECT tc.id FROM "translation".text_content tc WHERE tc.original_text like 'camera'), (SELECT l.id FROM "translation"."language" l WHERE l.iso_code LIKE 'es'));
INSERT INTO "translation"."translation" ("translation", text_content_id, language_id) VALUES('macchina fotografica', (SELECT tc.id FROM "translation".text_content tc WHERE tc.original_text like 'camera'), (SELECT l.id FROM "translation"."language" l WHERE l.iso_code LIKE 'it'));
INSERT INTO "translation".text_content (original_text, language_id) VALUES('sports camera', (SELECT l.id FROM "translation"."language" l WHERE l.iso_code LIKE 'en'));
INSERT INTO item.item (uuid, "name", text_content_id) VALUES('43e875ed-c57f-49b0-a69f-7374ef1f1e8d', 'sports camera', (SELECT tc.id FROM "translation".text_content tc WHERE tc.original_text like 'sports camera'));
INSERT INTO "translation"."translation" ("translation", text_content_id, language_id) VALUES('kamera sportowa', (SELECT tc.id FROM "translation".text_content tc WHERE tc.original_text like 'sports camera'), (SELECT l.id FROM "translation"."language" l WHERE l.iso_code LIKE 'pl'));
INSERT INTO "translation"."translation" ("translation", text_content_id, language_id) VALUES('sportkamera', (SELECT tc.id FROM "translation".text_content tc WHERE tc.original_text like 'sports camera'), (SELECT l.id FROM "translation"."language" l WHERE l.iso_code LIKE 'de'));
INSERT INTO "translation"."translation" ("translation", text_content_id, language_id) VALUES('cámara deportiva', (SELECT tc.id FROM "translation".text_content tc WHERE tc.original_text like 'sports camera'), (SELECT l.id FROM "translation"."language" l WHERE l.iso_code LIKE 'es'));
INSERT INTO "translation"."translation" ("translation", text_content_id, language_id) VALUES('videocamera sportiva', (SELECT tc.id FROM "translation".text_content tc WHERE tc.original_text like 'sports camera'), (SELECT l.id FROM "translation"."language" l WHERE l.iso_code LIKE 'it'));
INSERT INTO "translation".text_content (original_text, language_id) VALUES('bicycle', (SELECT l.id FROM "translation"."language" l WHERE l.iso_code LIKE 'en'));
INSERT INTO item.item (uuid, "name", text_content_id) VALUES('3547b318-5907-4ffe-9284-c9138fb72800', 'bicycle', (SELECT tc.id FROM "translation".text_content tc WHERE tc.original_text like 'bicycle'));
INSERT INTO "translation"."translation" ("translation", text_content_id, language_id) VALUES('rower', (SELECT tc.id FROM "translation".text_content tc WHERE tc.original_text like 'bicycle'), (SELECT l.id FROM "translation"."language" l WHERE l.iso_code LIKE 'pl'));
INSERT INTO "translation"."translation" ("translation", text_content_id, language_id) VALUES('fahrrad', (SELECT tc.id FROM "translation".text_content tc WHERE tc.original_text like 'bicycle'), (SELECT l.id FROM "translation"."language" l WHERE l.iso_code LIKE 'de'));
INSERT INTO "translation"."translation" ("translation", text_content_id, language_id) VALUES('bicicleta', (SELECT tc.id FROM "translation".text_content tc WHERE tc.original_text like 'bicycle'), (SELECT l.id FROM "translation"."language" l WHERE l.iso_code LIKE 'es'));
INSERT INTO "translation"."translation" ("translation", text_content_id, language_id) VALUES('bicicletta', (SELECT tc.id FROM "translation".text_content tc WHERE tc.original_text like 'bicycle'), (SELECT l.id FROM "translation"."language" l WHERE l.iso_code LIKE 'it'));
INSERT INTO "translation".text_content (original_text, language_id) VALUES('scooter', (SELECT l.id FROM "translation"."language" l WHERE l.iso_code LIKE 'en'));
INSERT INTO item.item (uuid, "name", text_content_id) VALUES('7eda1f2f-f33d-467e-9456-2e78805a68a5', 'scooter', (SELECT tc.id FROM "translation".text_content tc WHERE tc.original_text like 'scooter'));
INSERT INTO "translation"."translation" ("translation", text_content_id, language_id) VALUES('skuter', (SELECT tc.id FROM "translation".text_content tc WHERE tc.original_text like 'scooter'), (SELECT l.id FROM "translation"."language" l WHERE l.iso_code LIKE 'pl'));
INSERT INTO "translation"."translation" ("translation", text_content_id, language_id) VALUES('roller', (SELECT tc.id FROM "translation".text_content tc WHERE tc.original_text like 'scooter'), (SELECT l.id FROM "translation"."language" l WHERE l.iso_code LIKE 'de'));
INSERT INTO "translation"."translation" ("translation", text_content_id, language_id) VALUES('patinete eléctrico', (SELECT tc.id FROM "translation".text_content tc WHERE tc.original_text like 'scooter'), (SELECT l.id FROM "translation"."language" l WHERE l.iso_code LIKE 'es'));
INSERT INTO "translation"."translation" ("translation", text_content_id, language_id) VALUES('motorino', (SELECT tc.id FROM "translation".text_content tc WHERE tc.original_text like 'scooter'), (SELECT l.id FROM "translation"."language" l WHERE l.iso_code LIKE 'it'));
INSERT INTO "translation".text_content (original_text, language_id) VALUES('car', (SELECT l.id FROM "translation"."language" l WHERE l.iso_code LIKE 'en'));
INSERT INTO item.item (uuid, "name", text_content_id) VALUES('d107f166-7d2a-40d0-8cd2-29916fd26d53', 'car', (SELECT tc.id FROM "translation".text_content tc WHERE tc.original_text like 'car'));
INSERT INTO "translation"."translation" ("translation", text_content_id, language_id) VALUES('samochód', (SELECT tc.id FROM "translation".text_content tc WHERE tc.original_text like 'car'), (SELECT l.id FROM "translation"."language" l WHERE l.iso_code LIKE 'pl'));
INSERT INTO "translation"."translation" ("translation", text_content_id, language_id) VALUES('auto', (SELECT tc.id FROM "translation".text_content tc WHERE tc.original_text like 'car'), (SELECT l.id FROM "translation"."language" l WHERE l.iso_code LIKE 'de'));
INSERT INTO "translation"."translation" ("translation", text_content_id, language_id) VALUES('coche', (SELECT tc.id FROM "translation".text_content tc WHERE tc.original_text like 'car'), (SELECT l.id FROM "translation"."language" l WHERE l.iso_code LIKE 'es'));
INSERT INTO "translation"."translation" ("translation", text_content_id, language_id) VALUES('auto', (SELECT tc.id FROM "translation".text_content tc WHERE tc.original_text like 'car'), (SELECT l.id FROM "translation"."language" l WHERE l.iso_code LIKE 'it'));
INSERT INTO "translation".text_content (original_text, language_id) VALUES('motorcycle', (SELECT l.id FROM "translation"."language" l WHERE l.iso_code LIKE 'en'));
INSERT INTO item.item (uuid, "name", text_content_id) VALUES('b0aecdc1-c9a2-4033-b707-07fb91b9d1b2', 'motorcycle', (SELECT tc.id FROM "translation".text_content tc WHERE tc.original_text like 'motorcycle'));
INSERT INTO "translation"."translation" ("translation", text_content_id, language_id) VALUES('motocykl', (SELECT tc.id FROM "translation".text_content tc WHERE tc.original_text like 'motorcycle'), (SELECT l.id FROM "translation"."language" l WHERE l.iso_code LIKE 'pl'));
INSERT INTO "translation"."translation" ("translation", text_content_id, language_id) VALUES('motorrad', (SELECT tc.id FROM "translation".text_content tc WHERE tc.original_text like 'motorcycle'), (SELECT l.id FROM "translation"."language" l WHERE l.iso_code LIKE 'de'));
INSERT INTO "translation"."translation" ("translation", text_content_id, language_id) VALUES('moto', (SELECT tc.id FROM "translation".text_content tc WHERE tc.original_text like 'motorcycle'), (SELECT l.id FROM "translation"."language" l WHERE l.iso_code LIKE 'es'));
INSERT INTO "translation"."translation" ("translation", text_content_id, language_id) VALUES('moto', (SELECT tc.id FROM "translation".text_content tc WHERE tc.original_text like 'motorcycle'), (SELECT l.id FROM "translation"."language" l WHERE l.iso_code LIKE 'it'));
INSERT INTO "translation".text_content (original_text, language_id) VALUES('backpack', (SELECT l.id FROM "translation"."language" l WHERE l.iso_code LIKE 'en'));
INSERT INTO item.item (uuid, "name", text_content_id) VALUES('de935395-1450-40e6-aab4-2680c04f5a9b', 'backpack', (SELECT tc.id FROM "translation".text_content tc WHERE tc.original_text like 'backpack'));
INSERT INTO "translation"."translation" ("translation", text_content_id, language_id) VALUES('plecak', (SELECT tc.id FROM "translation".text_content tc WHERE tc.original_text like 'backpack'), (SELECT l.id FROM "translation"."language" l WHERE l.iso_code LIKE 'pl'));
INSERT INTO "translation"."translation" ("translation", text_content_id, language_id) VALUES('rucksack', (SELECT tc.id FROM "translation".text_content tc WHERE tc.original_text like 'backpack'), (SELECT l.id FROM "translation"."language" l WHERE l.iso_code LIKE 'de'));
INSERT INTO "translation"."translation" ("translation", text_content_id, language_id) VALUES('mochila', (SELECT tc.id FROM "translation".text_content tc WHERE tc.original_text like 'backpack'), (SELECT l.id FROM "translation"."language" l WHERE l.iso_code LIKE 'es'));
INSERT INTO "translation"."translation" ("translation", text_content_id, language_id) VALUES('zaino', (SELECT tc.id FROM "translation".text_content tc WHERE tc.original_text like 'backpack'), (SELECT l.id FROM "translation"."language" l WHERE l.iso_code LIKE 'it'));
INSERT INTO "translation".text_content (original_text, language_id) VALUES('bag', (SELECT l.id FROM "translation"."language" l WHERE l.iso_code LIKE 'en'));
INSERT INTO item.item (uuid, "name", text_content_id) VALUES('793c17c2-b65b-48ca-9e64-c22808b52034', 'bag', (SELECT tc.id FROM "translation".text_content tc WHERE tc.original_text like 'bag'));
INSERT INTO "translation"."translation" ("translation", text_content_id, language_id) VALUES('torba', (SELECT tc.id FROM "translation".text_content tc WHERE tc.original_text like 'bag'), (SELECT l.id FROM "translation"."language" l WHERE l.iso_code LIKE 'pl'));
INSERT INTO "translation"."translation" ("translation", text_content_id, language_id) VALUES('tasche', (SELECT tc.id FROM "translation".text_content tc WHERE tc.original_text like 'bag'), (SELECT l.id FROM "translation"."language" l WHERE l.iso_code LIKE 'de'));
INSERT INTO "translation"."translation" ("translation", text_content_id, language_id) VALUES('bolsa', (SELECT tc.id FROM "translation".text_content tc WHERE tc.original_text like 'bag'), (SELECT l.id FROM "translation"."language" l WHERE l.iso_code LIKE 'es'));
INSERT INTO "translation"."translation" ("translation", text_content_id, language_id) VALUES('borsa', (SELECT tc.id FROM "translation".text_content tc WHERE tc.original_text like 'bag'), (SELECT l.id FROM "translation"."language" l WHERE l.iso_code LIKE 'it'));
INSERT INTO "translation".text_content (original_text, language_id) VALUES('watch', (SELECT l.id FROM "translation"."language" l WHERE l.iso_code LIKE 'en'));
INSERT INTO item.item (uuid, "name", text_content_id) VALUES('603625dd-513a-4688-8cde-bf335c505f1f', 'watch', (SELECT tc.id FROM "translation".text_content tc WHERE tc.original_text like 'watch'));
INSERT INTO "translation"."translation" ("translation", text_content_id, language_id) VALUES('zegarek', (SELECT tc.id FROM "translation".text_content tc WHERE tc.original_text like 'watch'), (SELECT l.id FROM "translation"."language" l WHERE l.iso_code LIKE 'pl'));
INSERT INTO "translation"."translation" ("translation", text_content_id, language_id) VALUES('uhr', (SELECT tc.id FROM "translation".text_content tc WHERE tc.original_text like 'watch'), (SELECT l.id FROM "translation"."language" l WHERE l.iso_code LIKE 'de'));
INSERT INTO "translation"."translation" ("translation", text_content_id, language_id) VALUES('reloj', (SELECT tc.id FROM "translation".text_content tc WHERE tc.original_text like 'watch'), (SELECT l.id FROM "translation"."language" l WHERE l.iso_code LIKE 'es'));
INSERT INTO "translation"."translation" ("translation", text_content_id, language_id) VALUES('orologio', (SELECT tc.id FROM "translation".text_content tc WHERE tc.original_text like 'watch'), (SELECT l.id FROM "translation"."language" l WHERE l.iso_code LIKE 'it'));
INSERT INTO "translation".text_content (original_text, language_id) VALUES('glasses', (SELECT l.id FROM "translation"."language" l WHERE l.iso_code LIKE 'en'));
INSERT INTO item.item (uuid, "name", text_content_id) VALUES('81d16208-a87c-4fe5-8b27-80b4924eca03', 'glasses', (SELECT tc.id FROM "translation".text_content tc WHERE tc.original_text like 'glasses'));
INSERT INTO "translation"."translation" ("translation", text_content_id, language_id) VALUES('okulary', (SELECT tc.id FROM "translation".text_content tc WHERE tc.original_text like 'glasses'), (SELECT l.id FROM "translation"."language" l WHERE l.iso_code LIKE 'pl'));
INSERT INTO "translation"."translation" ("translation", text_content_id, language_id) VALUES('brille', (SELECT tc.id FROM "translation".text_content tc WHERE tc.original_text like 'glasses'), (SELECT l.id FROM "translation"."language" l WHERE l.iso_code LIKE 'de'));
INSERT INTO "translation"."translation" ("translation", text_content_id, language_id) VALUES('gafas', (SELECT tc.id FROM "translation".text_content tc WHERE tc.original_text like 'glasses'), (SELECT l.id FROM "translation"."language" l WHERE l.iso_code LIKE 'es'));
INSERT INTO "translation"."translation" ("translation", text_content_id, language_id) VALUES('occhiali', (SELECT tc.id FROM "translation".text_content tc WHERE tc.original_text like 'glasses'), (SELECT l.id FROM "translation"."language" l WHERE l.iso_code LIKE 'it'));
INSERT INTO "translation".text_content (original_text, language_id) VALUES('sneakers', (SELECT l.id FROM "translation"."language" l WHERE l.iso_code LIKE 'en'));
INSERT INTO item.item (uuid, "name", text_content_id) VALUES('011cd1bb-d2b6-4c47-8c5b-2ed4d64c9b81', 'sneakers', (SELECT tc.id FROM "translation".text_content tc WHERE tc.original_text like 'sneakers'));
INSERT INTO "translation"."translation" ("translation", text_content_id, language_id) VALUES('buty', (SELECT tc.id FROM "translation".text_content tc WHERE tc.original_text like 'sneakers'), (SELECT l.id FROM "translation"."language" l WHERE l.iso_code LIKE 'pl'));
INSERT INTO "translation"."translation" ("translation", text_content_id, language_id) VALUES('sneakers', (SELECT tc.id FROM "translation".text_content tc WHERE tc.original_text like 'sneakers'), (SELECT l.id FROM "translation"."language" l WHERE l.iso_code LIKE 'de'));
INSERT INTO "translation"."translation" ("translation", text_content_id, language_id) VALUES('zapatillas de deporte', (SELECT tc.id FROM "translation".text_content tc WHERE tc.original_text like 'sneakers'), (SELECT l.id FROM "translation"."language" l WHERE l.iso_code LIKE 'es'));
INSERT INTO "translation"."translation" ("translation", text_content_id, language_id) VALUES('scarpe da ginnastica', (SELECT tc.id FROM "translation".text_content tc WHERE tc.original_text like 'sneakers'), (SELECT l.id FROM "translation"."language" l WHERE l.iso_code LIKE 'it'));
INSERT INTO "translation".text_content (original_text, language_id) VALUES('hat', (SELECT l.id FROM "translation"."language" l WHERE l.iso_code LIKE 'en'));
INSERT INTO item.item (uuid, "name", text_content_id) VALUES('7164e744-cbcc-4e50-a4d4-115a20fa1d0f', 'hat', (SELECT tc.id FROM "translation".text_content tc WHERE tc.original_text like 'hat'));
INSERT INTO "translation"."translation" ("translation", text_content_id, language_id) VALUES('kapelusz', (SELECT tc.id FROM "translation".text_content tc WHERE tc.original_text like 'hat'), (SELECT l.id FROM "translation"."language" l WHERE l.iso_code LIKE 'pl'));
INSERT INTO "translation"."translation" ("translation", text_content_id, language_id) VALUES('hut', (SELECT tc.id FROM "translation".text_content tc WHERE tc.original_text like 'hat'), (SELECT l.id FROM "translation"."language" l WHERE l.iso_code LIKE 'de'));
INSERT INTO "translation"."translation" ("translation", text_content_id, language_id) VALUES('sombrero', (SELECT tc.id FROM "translation".text_content tc WHERE tc.original_text like 'hat'), (SELECT l.id FROM "translation"."language" l WHERE l.iso_code LIKE 'es'));
INSERT INTO "translation"."translation" ("translation", text_content_id, language_id) VALUES('cappello', (SELECT tc.id FROM "translation".text_content tc WHERE tc.original_text like 'hat'), (SELECT l.id FROM "translation"."language" l WHERE l.iso_code LIKE 'it'));
INSERT INTO "translation".text_content (original_text, language_id) VALUES('cap', (SELECT l.id FROM "translation"."language" l WHERE l.iso_code LIKE 'en'));
INSERT INTO item.item (uuid, "name", text_content_id) VALUES('2e662eb7-8a8f-48eb-88f1-fcbc79f987da', 'cap', (SELECT tc.id FROM "translation".text_content tc WHERE tc.original_text like 'cap'));
INSERT INTO "translation"."translation" ("translation", text_content_id, language_id) VALUES('czapka', (SELECT tc.id FROM "translation".text_content tc WHERE tc.original_text like 'cap'), (SELECT l.id FROM "translation"."language" l WHERE l.iso_code LIKE 'pl'));
INSERT INTO "translation"."translation" ("translation", text_content_id, language_id) VALUES('kappe', (SELECT tc.id FROM "translation".text_content tc WHERE tc.original_text like 'cap'), (SELECT l.id FROM "translation"."language" l WHERE l.iso_code LIKE 'de'));
INSERT INTO "translation"."translation" ("translation", text_content_id, language_id) VALUES('gorra', (SELECT tc.id FROM "translation".text_content tc WHERE tc.original_text like 'cap'), (SELECT l.id FROM "translation"."language" l WHERE l.iso_code LIKE 'es'));
INSERT INTO "translation"."translation" ("translation", text_content_id, language_id) VALUES('cappello di lana', (SELECT tc.id FROM "translation".text_content tc WHERE tc.original_text like 'cap'), (SELECT l.id FROM "translation"."language" l WHERE l.iso_code LIKE 'it'));
INSERT INTO "translation".text_content (original_text, language_id) VALUES('jacket', (SELECT l.id FROM "translation"."language" l WHERE l.iso_code LIKE 'en'));
INSERT INTO item.item (uuid, "name", text_content_id) VALUES('762c0c6b-f3d1-4646-8279-c6ab7cba102a', 'jacket', (SELECT tc.id FROM "translation".text_content tc WHERE tc.original_text like 'jacket'));
INSERT INTO "translation"."translation" ("translation", text_content_id, language_id) VALUES('kurtka', (SELECT tc.id FROM "translation".text_content tc WHERE tc.original_text like 'jacket'), (SELECT l.id FROM "translation"."language" l WHERE l.iso_code LIKE 'pl'));
INSERT INTO "translation"."translation" ("translation", text_content_id, language_id) VALUES('jacke', (SELECT tc.id FROM "translation".text_content tc WHERE tc.original_text like 'jacket'), (SELECT l.id FROM "translation"."language" l WHERE l.iso_code LIKE 'de'));
INSERT INTO "translation"."translation" ("translation", text_content_id, language_id) VALUES('chaqueta', (SELECT tc.id FROM "translation".text_content tc WHERE tc.original_text like 'jacket'), (SELECT l.id FROM "translation"."language" l WHERE l.iso_code LIKE 'es'));
INSERT INTO "translation"."translation" ("translation", text_content_id, language_id) VALUES('giacca', (SELECT tc.id FROM "translation".text_content tc WHERE tc.original_text like 'jacket'), (SELECT l.id FROM "translation"."language" l WHERE l.iso_code LIKE 'it'));
INSERT INTO "translation".text_content (original_text, language_id) VALUES('pants', (SELECT l.id FROM "translation"."language" l WHERE l.iso_code LIKE 'en'));
INSERT INTO item.item (uuid, "name", text_content_id) VALUES('203e2730-7970-4e26-800b-316134787333', 'pants', (SELECT tc.id FROM "translation".text_content tc WHERE tc.original_text like 'pants'));
INSERT INTO "translation"."translation" ("translation", text_content_id, language_id) VALUES('spodnie', (SELECT tc.id FROM "translation".text_content tc WHERE tc.original_text like 'pants'), (SELECT l.id FROM "translation"."language" l WHERE l.iso_code LIKE 'pl'));
INSERT INTO "translation"."translation" ("translation", text_content_id, language_id) VALUES('hose', (SELECT tc.id FROM "translation".text_content tc WHERE tc.original_text like 'pants'), (SELECT l.id FROM "translation"."language" l WHERE l.iso_code LIKE 'de'));
INSERT INTO "translation"."translation" ("translation", text_content_id, language_id) VALUES('pantalones', (SELECT tc.id FROM "translation".text_content tc WHERE tc.original_text like 'pants'), (SELECT l.id FROM "translation"."language" l WHERE l.iso_code LIKE 'es'));
INSERT INTO "translation"."translation" ("translation", text_content_id, language_id) VALUES('pantaloni', (SELECT tc.id FROM "translation".text_content tc WHERE tc.original_text like 'pants'), (SELECT l.id FROM "translation"."language" l WHERE l.iso_code LIKE 'it'));
INSERT INTO "translation".text_content (original_text, language_id) VALUES('shirt', (SELECT l.id FROM "translation"."language" l WHERE l.iso_code LIKE 'en'));
INSERT INTO item.item (uuid, "name", text_content_id) VALUES('b63cb004-6a68-457f-aea8-fb28fae8d6d5', 'shirt', (SELECT tc.id FROM "translation".text_content tc WHERE tc.original_text like 'shirt'));
INSERT INTO "translation"."translation" ("translation", text_content_id, language_id) VALUES('koszula', (SELECT tc.id FROM "translation".text_content tc WHERE tc.original_text like 'shirt'), (SELECT l.id FROM "translation"."language" l WHERE l.iso_code LIKE 'pl'));
INSERT INTO "translation"."translation" ("translation", text_content_id, language_id) VALUES('hemd', (SELECT tc.id FROM "translation".text_content tc WHERE tc.original_text like 'shirt'), (SELECT l.id FROM "translation"."language" l WHERE l.iso_code LIKE 'de'));
INSERT INTO "translation"."translation" ("translation", text_content_id, language_id) VALUES('camisa', (SELECT tc.id FROM "translation".text_content tc WHERE tc.original_text like 'shirt'), (SELECT l.id FROM "translation"."language" l WHERE l.iso_code LIKE 'es'));
INSERT INTO "translation"."translation" ("translation", text_content_id, language_id) VALUES('camicia', (SELECT tc.id FROM "translation".text_content tc WHERE tc.original_text like 'shirt'), (SELECT l.id FROM "translation"."language" l WHERE l.iso_code LIKE 'it'));
INSERT INTO "translation".text_content (original_text, language_id) VALUES('sweatshirt', (SELECT l.id FROM "translation"."language" l WHERE l.iso_code LIKE 'en'));
INSERT INTO item.item (uuid, "name", text_content_id) VALUES('2bb546cb-0b3e-4159-8422-d6056e4499fe', 'sweatshirt', (SELECT tc.id FROM "translation".text_content tc WHERE tc.original_text like 'sweatshirt'));
INSERT INTO "translation"."translation" ("translation", text_content_id, language_id) VALUES('bluza', (SELECT tc.id FROM "translation".text_content tc WHERE tc.original_text like 'sweatshirt'), (SELECT l.id FROM "translation"."language" l WHERE l.iso_code LIKE 'pl'));
INSERT INTO "translation"."translation" ("translation", text_content_id, language_id) VALUES('sweatshirt', (SELECT tc.id FROM "translation".text_content tc WHERE tc.original_text like 'sweatshirt'), (SELECT l.id FROM "translation"."language" l WHERE l.iso_code LIKE 'de'));
INSERT INTO "translation"."translation" ("translation", text_content_id, language_id) VALUES('sudadera', (SELECT tc.id FROM "translation".text_content tc WHERE tc.original_text like 'sweatshirt'), (SELECT l.id FROM "translation"."language" l WHERE l.iso_code LIKE 'es'));
INSERT INTO "translation"."translation" ("translation", text_content_id, language_id) VALUES('felpa', (SELECT tc.id FROM "translation".text_content tc WHERE tc.original_text like 'sweatshirt'), (SELECT l.id FROM "translation"."language" l WHERE l.iso_code LIKE 'it'));
INSERT INTO "translation".text_content (original_text, language_id) VALUES('sweater', (SELECT l.id FROM "translation"."language" l WHERE l.iso_code LIKE 'en'));
INSERT INTO item.item (uuid, "name", text_content_id) VALUES('f789323a-6da4-4195-bd1a-af3098853a57', 'sweater', (SELECT tc.id FROM "translation".text_content tc WHERE tc.original_text like 'sweater'));
INSERT INTO "translation"."translation" ("translation", text_content_id, language_id) VALUES('sweter', (SELECT tc.id FROM "translation".text_content tc WHERE tc.original_text like 'sweater'), (SELECT l.id FROM "translation"."language" l WHERE l.iso_code LIKE 'pl'));
INSERT INTO "translation"."translation" ("translation", text_content_id, language_id) VALUES('pullover', (SELECT tc.id FROM "translation".text_content tc WHERE tc.original_text like 'sweater'), (SELECT l.id FROM "translation"."language" l WHERE l.iso_code LIKE 'de'));
INSERT INTO "translation"."translation" ("translation", text_content_id, language_id) VALUES('jersey', (SELECT tc.id FROM "translation".text_content tc WHERE tc.original_text like 'sweater'), (SELECT l.id FROM "translation"."language" l WHERE l.iso_code LIKE 'es'));
INSERT INTO "translation"."translation" ("translation", text_content_id, language_id) VALUES('maglione', (SELECT tc.id FROM "translation".text_content tc WHERE tc.original_text like 'sweater'), (SELECT l.id FROM "translation"."language" l WHERE l.iso_code LIKE 'it'));
INSERT INTO "translation".text_content (original_text, language_id) VALUES('blanket', (SELECT l.id FROM "translation"."language" l WHERE l.iso_code LIKE 'en'));
INSERT INTO item.item (uuid, "name", text_content_id) VALUES('9b1bde00-a6a9-4c30-b8d1-c40ac66b1488', 'blanket', (SELECT tc.id FROM "translation".text_content tc WHERE tc.original_text like 'blanket'));
INSERT INTO "translation"."translation" ("translation", text_content_id, language_id) VALUES('koc', (SELECT tc.id FROM "translation".text_content tc WHERE tc.original_text like 'blanket'), (SELECT l.id FROM "translation"."language" l WHERE l.iso_code LIKE 'pl'));
INSERT INTO "translation"."translation" ("translation", text_content_id, language_id) VALUES('decke', (SELECT tc.id FROM "translation".text_content tc WHERE tc.original_text like 'blanket'), (SELECT l.id FROM "translation"."language" l WHERE l.iso_code LIKE 'de'));
INSERT INTO "translation"."translation" ("translation", text_content_id, language_id) VALUES('manta', (SELECT tc.id FROM "translation".text_content tc WHERE tc.original_text like 'blanket'), (SELECT l.id FROM "translation"."language" l WHERE l.iso_code LIKE 'es'));
INSERT INTO "translation"."translation" ("translation", text_content_id, language_id) VALUES('coperta', (SELECT tc.id FROM "translation".text_content tc WHERE tc.original_text like 'blanket'), (SELECT l.id FROM "translation"."language" l WHERE l.iso_code LIKE 'it'));
INSERT INTO "translation".text_content (original_text, language_id) VALUES('pillow', (SELECT l.id FROM "translation"."language" l WHERE l.iso_code LIKE 'en'));
INSERT INTO item.item (uuid, "name", text_content_id) VALUES('387c28d9-39da-4616-8d96-d17622e6f411', 'pillow', (SELECT tc.id FROM "translation".text_content tc WHERE tc.original_text like 'pillow'));
INSERT INTO "translation"."translation" ("translation", text_content_id, language_id) VALUES('poduszka', (SELECT tc.id FROM "translation".text_content tc WHERE tc.original_text like 'pillow'), (SELECT l.id FROM "translation"."language" l WHERE l.iso_code LIKE 'pl'));
INSERT INTO "translation"."translation" ("translation", text_content_id, language_id) VALUES('kissen', (SELECT tc.id FROM "translation".text_content tc WHERE tc.original_text like 'pillow'), (SELECT l.id FROM "translation"."language" l WHERE l.iso_code LIKE 'de'));
INSERT INTO "translation"."translation" ("translation", text_content_id, language_id) VALUES('almohada', (SELECT tc.id FROM "translation".text_content tc WHERE tc.original_text like 'pillow'), (SELECT l.id FROM "translation"."language" l WHERE l.iso_code LIKE 'es'));
INSERT INTO "translation"."translation" ("translation", text_content_id, language_id) VALUES('cuscino', (SELECT tc.id FROM "translation".text_content tc WHERE tc.original_text like 'pillow'), (SELECT l.id FROM "translation"."language" l WHERE l.iso_code LIKE 'it'));
INSERT INTO "translation".text_content (original_text, language_id) VALUES('curtain', (SELECT l.id FROM "translation"."language" l WHERE l.iso_code LIKE 'en'));
INSERT INTO item.item (uuid, "name", text_content_id) VALUES('7cd4b027-fcd7-4a67-906a-46c1f704b848', 'curtain', (SELECT tc.id FROM "translation".text_content tc WHERE tc.original_text like 'curtain'));
INSERT INTO "translation"."translation" ("translation", text_content_id, language_id) VALUES('firanka', (SELECT tc.id FROM "translation".text_content tc WHERE tc.original_text like 'curtain'), (SELECT l.id FROM "translation"."language" l WHERE l.iso_code LIKE 'pl'));
INSERT INTO "translation"."translation" ("translation", text_content_id, language_id) VALUES('vorhang', (SELECT tc.id FROM "translation".text_content tc WHERE tc.original_text like 'curtain'), (SELECT l.id FROM "translation"."language" l WHERE l.iso_code LIKE 'de'));
INSERT INTO "translation"."translation" ("translation", text_content_id, language_id) VALUES('cortina', (SELECT tc.id FROM "translation".text_content tc WHERE tc.original_text like 'curtain'), (SELECT l.id FROM "translation"."language" l WHERE l.iso_code LIKE 'es'));
INSERT INTO "translation"."translation" ("translation", text_content_id, language_id) VALUES('tenda', (SELECT tc.id FROM "translation".text_content tc WHERE tc.original_text like 'curtain'), (SELECT l.id FROM "translation"."language" l WHERE l.iso_code LIKE 'it'));
INSERT INTO "translation".text_content (original_text, language_id) VALUES('building block set', (SELECT l.id FROM "translation"."language" l WHERE l.iso_code LIKE 'en'));
INSERT INTO item.item (uuid, "name", text_content_id) VALUES('b1799ac4-3ee8-4b6f-896c-230455d2074a', 'building block set', (SELECT tc.id FROM "translation".text_content tc WHERE tc.original_text like 'building block set'));
INSERT INTO "translation"."translation" ("translation", text_content_id, language_id) VALUES('zestaw klocków', (SELECT tc.id FROM "translation".text_content tc WHERE tc.original_text like 'building block set'), (SELECT l.id FROM "translation"."language" l WHERE l.iso_code LIKE 'pl'));
INSERT INTO "translation"."translation" ("translation", text_content_id, language_id) VALUES('bausteinsatz', (SELECT tc.id FROM "translation".text_content tc WHERE tc.original_text like 'building block set'), (SELECT l.id FROM "translation"."language" l WHERE l.iso_code LIKE 'de'));
INSERT INTO "translation"."translation" ("translation", text_content_id, language_id) VALUES('set de bloques de construcción', (SELECT tc.id FROM "translation".text_content tc WHERE tc.original_text like 'building block set'), (SELECT l.id FROM "translation"."language" l WHERE l.iso_code LIKE 'es'));
INSERT INTO "translation"."translation" ("translation", text_content_id, language_id) VALUES('set di blocchi di costruzione', (SELECT tc.id FROM "translation".text_content tc WHERE tc.original_text like 'building block set'), (SELECT l.id FROM "translation"."language" l WHERE l.iso_code LIKE 'it'));
INSERT INTO "translation".text_content (original_text, language_id) VALUES('chess set', (SELECT l.id FROM "translation"."language" l WHERE l.iso_code LIKE 'en'));
INSERT INTO item.item (uuid, "name", text_content_id) VALUES('ecc731a5-1ffc-4746-94f1-e88e90555da6', 'chess set', (SELECT tc.id FROM "translation".text_content tc WHERE tc.original_text like 'chess set'));
INSERT INTO "translation"."translation" ("translation", text_content_id, language_id) VALUES('komplet do gry w szachy', (SELECT tc.id FROM "translation".text_content tc WHERE tc.original_text like 'chess set'), (SELECT l.id FROM "translation"."language" l WHERE l.iso_code LIKE 'pl'));
INSERT INTO "translation"."translation" ("translation", text_content_id, language_id) VALUES('schachspiel', (SELECT tc.id FROM "translation".text_content tc WHERE tc.original_text like 'chess set'), (SELECT l.id FROM "translation"."language" l WHERE l.iso_code LIKE 'de'));
INSERT INTO "translation"."translation" ("translation", text_content_id, language_id) VALUES('juego de ajedrez', (SELECT tc.id FROM "translation".text_content tc WHERE tc.original_text like 'chess set'), (SELECT l.id FROM "translation"."language" l WHERE l.iso_code LIKE 'es'));
INSERT INTO "translation"."translation" ("translation", text_content_id, language_id) VALUES('scacchiera', (SELECT tc.id FROM "translation".text_content tc WHERE tc.original_text like 'chess set'), (SELECT l.id FROM "translation"."language" l WHERE l.iso_code LIKE 'it'));
INSERT INTO "translation".text_content (original_text, language_id) VALUES('globe', (SELECT l.id FROM "translation"."language" l WHERE l.iso_code LIKE 'en'));
INSERT INTO item.item (uuid, "name", text_content_id) VALUES('d84d5eaf-6d67-4725-ba70-f60f01633d08', 'globe', (SELECT tc.id FROM "translation".text_content tc WHERE tc.original_text like 'globe'));
INSERT INTO "translation"."translation" ("translation", text_content_id, language_id) VALUES('globus', (SELECT tc.id FROM "translation".text_content tc WHERE tc.original_text like 'globe'), (SELECT l.id FROM "translation"."language" l WHERE l.iso_code LIKE 'pl'));
INSERT INTO "translation"."translation" ("translation", text_content_id, language_id) VALUES('globus', (SELECT tc.id FROM "translation".text_content tc WHERE tc.original_text like 'globe'), (SELECT l.id FROM "translation"."language" l WHERE l.iso_code LIKE 'de'));
INSERT INTO "translation"."translation" ("translation", text_content_id, language_id) VALUES('globo terráqueo', (SELECT tc.id FROM "translation".text_content tc WHERE tc.original_text like 'globe'), (SELECT l.id FROM "translation"."language" l WHERE l.iso_code LIKE 'es'));
INSERT INTO "translation"."translation" ("translation", text_content_id, language_id) VALUES('mappamondo', (SELECT tc.id FROM "translation".text_content tc WHERE tc.original_text like 'globe'), (SELECT l.id FROM "translation"."language" l WHERE l.iso_code LIKE 'it'));
INSERT INTO "translation".text_content (original_text, language_id) VALUES('puzzle', (SELECT l.id FROM "translation"."language" l WHERE l.iso_code LIKE 'en'));
INSERT INTO item.item (uuid, "name", text_content_id) VALUES('067b90ba-f0a8-4141-98ad-67f5e567a297', 'puzzle', (SELECT tc.id FROM "translation".text_content tc WHERE tc.original_text like 'puzzle'));
INSERT INTO "translation"."translation" ("translation", text_content_id, language_id) VALUES('puzzle', (SELECT tc.id FROM "translation".text_content tc WHERE tc.original_text like 'puzzle'), (SELECT l.id FROM "translation"."language" l WHERE l.iso_code LIKE 'pl'));
INSERT INTO "translation"."translation" ("translation", text_content_id, language_id) VALUES('puzzle', (SELECT tc.id FROM "translation".text_content tc WHERE tc.original_text like 'puzzle'), (SELECT l.id FROM "translation"."language" l WHERE l.iso_code LIKE 'de'));
INSERT INTO "translation"."translation" ("translation", text_content_id, language_id) VALUES('puzzle', (SELECT tc.id FROM "translation".text_content tc WHERE tc.original_text like 'puzzle'), (SELECT l.id FROM "translation"."language" l WHERE l.iso_code LIKE 'es'));
INSERT INTO "translation"."translation" ("translation", text_content_id, language_id) VALUES('puzzle', (SELECT tc.id FROM "translation".text_content tc WHERE tc.original_text like 'puzzle'), (SELECT l.id FROM "translation"."language" l WHERE l.iso_code LIKE 'it'));
INSERT INTO "translation".text_content (original_text, language_id) VALUES('board game', (SELECT l.id FROM "translation"."language" l WHERE l.iso_code LIKE 'en'));
INSERT INTO item.item (uuid, "name", text_content_id) VALUES('36d2352c-5522-4d69-8d0c-1067187bf5ec', 'board game', (SELECT tc.id FROM "translation".text_content tc WHERE tc.original_text like 'board game'));
INSERT INTO "translation"."translation" ("translation", text_content_id, language_id) VALUES('gra planszowa', (SELECT tc.id FROM "translation".text_content tc WHERE tc.original_text like 'board game'), (SELECT l.id FROM "translation"."language" l WHERE l.iso_code LIKE 'pl'));
INSERT INTO "translation"."translation" ("translation", text_content_id, language_id) VALUES('brettspiel', (SELECT tc.id FROM "translation".text_content tc WHERE tc.original_text like 'board game'), (SELECT l.id FROM "translation"."language" l WHERE l.iso_code LIKE 'de'));
INSERT INTO "translation"."translation" ("translation", text_content_id, language_id) VALUES('juego de mesa', (SELECT tc.id FROM "translation".text_content tc WHERE tc.original_text like 'board game'), (SELECT l.id FROM "translation"."language" l WHERE l.iso_code LIKE 'es'));
INSERT INTO "translation"."translation" ("translation", text_content_id, language_id) VALUES('gioco da tavolo', (SELECT tc.id FROM "translation".text_content tc WHERE tc.original_text like 'board game'), (SELECT l.id FROM "translation"."language" l WHERE l.iso_code LIKE 'it'));
